customer_id,month,storage_used_tb
1,1,0.13
1,2,0.76
1,3,1.42
1,4,2.18
1,5,2.32
1,6,2.76
1,7,3.26
1,8,3.56
1,9,3.78
1,10,4.12
1,11,5.06
1,12,5.34
2,1,0.18
2,2,0.49
2,3,1.43
2,4,1.98
2,5,2.85
2,6,3.37
2,7,4.09
2,8,4.6
2,9,5.48
2,10,5.96
2,11,6.79
2,12,7.34
3,1,0.53
3,2,0.96
3,3,1.32
3,4,1.86
3,5,1.99
3,6,2.79
3,7,3.39
3,8,3.71
3,9,3.91
3,10,4.34
3,11,4.98
3,12,5.53
4,1,0.96
4,2,1.76
4,3,2.62
4,4,3.27
4,5,3.72
4,6,3.86
4,7,4.34
4,8,4.81
4,9,5.2
4,10,6.11
4,11,6.57
4,12,7.53
5,1,0.48
5,2,1.11
5,3,1.41
5,4,1.63
5,5,2.27
5,6,3.04
5,7,3.84
5,8,4.48
5,9,4.61
5,10,5.27
5,11,6.19
5,12,7.06
6,1,0.6
6,2,0.88
6,3,1.31
6,4,1.43
6,5,2.21
6,6,3.13
6,7,3.83
6,8,4.27
6,9,4.47
6,10,4.89
6,11,5.38
6,12,6.04
7,1,0.97
7,2,1.93
7,3,2.79
7,4,3.63
7,5,4.38
7,6,5.24
7,7,5.8
7,8,6.3
7,9,6.86
7,10,7.55
7,11,8.04
7,12,8.55
8,1,0.58
8,2,0.96
8,3,1.83
8,4,1.95
8,5,2.3
8,6,2.75
8,7,2.95
8,8,3.18
8,9,3.49
8,10,3.96
8,11,4.32
8,12,4.75
9,1,0.48
9,2,0.77
9,3,1.21
9,4,1.97
9,5,2.41
9,6,3.36
9,7,3.95
9,8,4.71
9,9,4.99
9,10,5.63
9,11,6.43
9,12,7.24
10,1,0.88
10,2,1.16
10,3,1.31
10,4,1.65
10,5,2.42
10,6,2.6
10,7,2.9
10,8,3.52
10,9,4.47
10,10,5.07
10,11,5.88
10,12,6.78
11,1,0.36
11,2,0.93
11,3,1.53
11,4,2.25
11,5,2.54
11,6,3.27
11,7,4.17
11,8,4.35
11,9,4.65
11,10,5.05
11,11,5.54
11,12,6.25
12,1,0.81
12,2,1.56
12,3,2.31
12,4,2.96
12,5,3.68
12,6,4.09
12,7,4.19
12,8,4.44
12,9,4.66
12,10,5.49
12,11,6.13
12,12,6.77
13,1,0.88
13,2,1.04
13,3,1.32
13,4,1.43
13,5,1.78
13,6,2.65
13,7,3.52
13,8,4.25
13,9,4.93
13,10,5.81
13,11,5.95
13,12,6.68
14,1,0.51
14,2,0.87
14,3,1.53
14,4,2.44
14,5,2.61
14,6,2.91
14,7,3.14
14,8,3.36
14,9,4.22
14,10,4.68
14,11,5.15
14,12,5.52
15,1,0.31
15,2,1.14
15,3,1.92
15,4,2.51
15,5,2.69
15,6,3.27
15,7,3.97
15,8,4.69
15,9,4.98
15,10,5.3
15,11,5.57
15,12,5.88
16,1,0.48
16,2,0.98
16,3,1.75
16,4,2.7
16,5,3.63
16,6,4.08
16,7,4.44
16,8,5.37
16,9,5.71
16,10,6.4
16,11,6.57
16,12,6.92
17,1,0.42
17,2,1.31
17,3,1.48
17,4,2.17
17,5,2.55
17,6,2.74
17,7,2.94
17,8,3.1
17,9,3.55
17,10,4.48
17,11,5.11
17,12,5.79
18,1,0.23
18,2,1.16
18,3,1.96
18,4,2.22
18,5,3.13
18,6,3.29
18,7,3.93
18,8,4.68
18,9,5.29
18,10,6.19
18,11,6.59
18,12,7.28
19,1,0.97
19,2,1.25
19,3,1.92
19,4,2.05
19,5,2.95
19,6,3.08
19,7,3.77
19,8,4.4
19,9,4.95
19,10,5.12
19,11,5.22
19,12,5.46
20,1,0.23
20,2,1.03
20,3,1.7
20,4,2.57
20,5,3.26
20,6,4.08
20,7,4.44
20,8,5.19
20,9,5.74
20,10,6.54
20,11,6.72
20,12,7.6
21,1,0.37
21,2,0.58
21,3,1.12
21,4,1.69
21,5,2.06
21,6,2.98
21,7,3.3
21,8,3.69
21,9,4.22
21,10,4.44
21,11,5.06
21,12,5.42
22,1,0.81
22,2,1.35
22,3,1.93
22,4,2.44
22,5,2.98
22,6,3.21
22,7,3.82
22,8,4.37
22,9,5.03
22,10,5.2
22,11,5.82
22,12,6.25
23,1,0.9
23,2,1.52
23,3,1.7
23,4,2.06
23,5,2.37
23,6,2.98
23,7,3.76
23,8,4.47
23,9,4.73
23,10,5.66
23,11,6.61
23,12,7.5
24,1,0.12
24,2,0.88
24,3,1.11
24,4,1.95
24,5,2.18
24,6,2.32
24,7,2.95
24,8,3.39
24,9,3.58
24,10,4.48
24,11,5.25
24,12,5.72
25,1,0.59
25,2,0.94
25,3,1.09
25,4,1.67
25,5,2.47
25,6,2.97
25,7,3.45
25,8,4.14
25,9,4.71
25,10,5.18
25,11,5.88
25,12,6.79
26,1,0.65
26,2,1.14
26,3,1.4
26,4,2.34
26,5,2.55
26,6,3.41
26,7,3.77
26,8,4.54
26,9,5.07
26,10,5.87
26,11,6.45
26,12,6.62
27,1,0.93
27,2,1.63
27,3,2.52
27,4,2.67
27,5,3.4
27,6,3.96
27,7,4.89
27,8,5.29
27,9,5.91
27,10,6.17
27,11,6.31
27,12,6.71
28,1,0.2
28,2,0.66
28,3,0.9
28,4,1.73
28,5,2.62
28,6,3.0
28,7,3.23
28,8,4.03
28,9,4.57
28,10,4.69
28,11,4.82
28,12,5.46
29,1,0.46
29,2,0.58
29,3,1.0
29,4,1.47
29,5,1.59
29,6,2.42
29,7,2.97
29,8,3.63
29,9,4.24
29,10,4.63
29,11,5.61
29,12,6.13
30,1,0.9
30,2,1.8
30,3,2.01
30,4,2.15
30,5,2.5
30,6,2.78
30,7,2.9
30,8,3.46
30,9,3.94
30,10,4.52
30,11,5.0
30,12,5.92
31,1,0.44
31,2,0.68
31,3,1.54
31,4,2.1
31,5,2.42
31,6,2.62
31,7,2.92
31,8,3.18
31,9,3.77
31,10,3.91
31,11,4.16
31,12,5.07
32,1,0.15
32,2,0.67
32,3,1.19
32,4,1.31
32,5,1.62
32,6,1.9
32,7,2.48
32,8,2.75
32,9,3.55
32,10,4.41
32,11,4.89
32,12,5.4
33,1,0.69
33,2,1.44
33,3,2.26
33,4,2.69
33,5,3.57
33,6,4.46
33,7,5.38
33,8,6.25
33,9,6.81
33,10,7.06
33,11,8.03
33,12,8.87
34,1,0.33
34,2,0.76
34,3,1.13
34,4,1.53
34,5,1.87
34,6,2.68
34,7,3.05
34,8,3.95
34,9,4.67
34,10,5.34
34,11,5.88
34,12,6.11
35,1,0.37
35,2,0.77
35,3,1.14
35,4,1.88
35,5,2.55
35,6,3.2
35,7,3.93
35,8,4.2
35,9,4.5
35,10,4.84
35,11,4.95
35,12,5.84
36,1,0.14
36,2,0.82
36,3,1.72
36,4,2.12
36,5,2.9
36,6,3.44
36,7,3.85
36,8,4.4
36,9,4.81
36,10,5.21
36,11,6.05
36,12,6.53
37,1,0.63
37,2,1.04
37,3,1.88
37,4,2.56
37,5,3.3
37,6,3.92
37,7,4.54
37,8,5.18
37,9,6.13
37,10,6.8
37,11,7.57
37,12,8.35
38,1,0.49
38,2,0.76
38,3,1.04
38,4,1.29
38,5,2.26
38,6,2.9
38,7,3.18
38,8,3.74
38,9,4.49
38,10,5.34
38,11,5.73
38,12,6.51
39,1,0.4
39,2,1.07
39,3,1.92
39,4,2.8
39,5,2.91
39,6,3.47
39,7,3.9
39,8,4.48
39,9,4.84
39,10,5.37
39,11,6.18
39,12,6.88
40,1,0.87
40,2,1.1
40,3,1.72
40,4,1.87
40,5,2.73
40,6,3.66
40,7,4.41
40,8,4.86
40,9,5.03
40,10,5.29
40,11,5.71
40,12,6.63
41,1,0.19
41,2,0.66
41,3,1.32
41,4,1.45
41,5,2.19
41,6,2.33
41,7,2.82
41,8,3.71
41,9,4.63
41,10,4.97
41,11,5.07
41,12,5.89
42,1,0.79
42,2,1.59
42,3,2.26
42,4,2.92
42,5,3.1
42,6,3.23
42,7,3.96
42,8,4.7
42,9,5.48
42,10,6.33
42,11,6.82
42,12,7.13
43,1,0.83
43,2,1.57
43,3,2.04
43,4,2.29
43,5,2.71
43,6,3.01
43,7,3.77
43,8,4.62
43,9,5.41
43,10,6.26
43,11,6.64
43,12,6.83
44,1,0.96
44,2,1.17
44,3,2.14
44,4,2.96
44,5,3.39
44,6,4.18
44,7,5.1
44,8,5.34
44,9,6.32
44,10,7.2
44,11,7.86
44,12,8.0
45,1,0.22
45,2,0.82
45,3,1.35
45,4,2.07
45,5,2.92
45,6,3.09
45,7,3.39
45,8,3.52
45,9,3.66
45,10,3.88
45,11,4.4
45,12,5.15
46,1,0.11
46,2,0.8
46,3,1.41
46,4,1.84
46,5,2.5
46,6,3.46
46,7,4.02
46,8,4.34
46,9,4.56
46,10,4.86
46,11,5.03
46,12,5.62
47,1,0.69
47,2,1.41
47,3,1.65
47,4,2.13
47,5,2.38
47,6,3.04
47,7,3.65
47,8,4.52
47,9,5.24
47,10,5.6
47,11,6.03
47,12,6.34
48,1,0.88
48,2,1.22
48,3,1.57
48,4,2.08
48,5,2.7
48,6,2.96
48,7,3.62
48,8,4.09
48,9,4.88
48,10,5.69
48,11,6.53
48,12,7.17
49,1,0.85
49,2,1.08
49,3,1.48
49,4,2.31
49,5,3.14
49,6,3.94
49,7,4.69
49,8,5.2
49,9,5.99
49,10,6.8
49,11,7.66
49,12,7.93
50,1,0.75
50,2,0.86
50,3,1.15
50,4,1.79
50,5,2.38
50,6,2.79
50,7,3.39
50,8,4.29
50,9,5.12
50,10,5.82
50,11,6.38
50,12,6.73
51,1,0.29
51,2,0.98
51,3,1.88
51,4,2.15
51,5,3.11
51,6,3.76
51,7,3.87
51,8,4.5
51,9,4.8
51,10,4.91
51,11,5.49
51,12,6.28
52,1,0.8
52,2,1.09
52,3,1.27
52,4,1.47
52,5,1.83
52,6,2.36
52,7,2.78
52,8,3.38
52,9,3.95
52,10,4.44
52,11,4.6
52,12,5.06
53,1,0.29
53,2,0.83
53,3,1.58
53,4,2.5
53,5,2.81
53,6,2.96
53,7,3.24
53,8,4.15
53,9,5.07
53,10,5.73
53,11,6.24
53,12,6.64
54,1,0.41
54,2,1.2
54,3,1.43
54,4,1.73
54,5,1.96
54,6,2.61
54,7,3.2
54,8,4.11
54,9,4.28
54,10,5.21
54,11,5.88
54,12,6.49
55,1,0.39
55,2,0.94
55,3,1.79
55,4,1.91
55,5,2.21
55,6,3.03
55,7,3.26
55,8,3.78
55,9,4.15
55,10,4.44
55,11,4.84
55,12,5.06
56,1,0.37
56,2,1.18
56,3,2.0
56,4,2.28
56,5,3.18
56,6,3.91
56,7,4.69
56,8,5.26
56,9,5.51
56,10,5.8
56,11,6.65
56,12,6.93
57,1,0.29
57,2,0.53
57,3,0.74
57,4,0.89
57,5,1.52
57,6,1.83
57,7,2.7
57,8,3.22
57,9,3.93
57,10,4.05
57,11,4.48
57,12,4.88
58,1,0.38
58,2,0.64
58,3,1.06
58,4,1.97
58,5,2.21
58,6,2.95
58,7,3.26
58,8,3.38
58,9,3.57
58,10,3.98
58,11,4.32
58,12,4.89
59,1,0.12
59,2,0.5
59,3,1.2
59,4,1.38
59,5,1.68
59,6,2.23
59,7,2.96
59,8,3.47
59,9,4.0
59,10,4.78
59,11,5.11
59,12,5.71
60,1,0.61
60,2,0.94
60,3,1.28
60,4,2.25
60,5,2.82
60,6,3.75
60,7,4.41
60,8,5.3
60,9,6.16
60,10,6.89
60,11,7.72
60,12,7.94
61,1,0.77
61,2,1.22
61,3,2.09
61,4,2.83
61,5,3.78
61,6,3.96
61,7,4.25
61,8,4.57
61,9,4.84
61,10,5.57
61,11,6.08
61,12,6.33
62,1,0.77
62,2,1.15
62,3,1.91
62,4,2.67
62,5,3.11
62,6,3.47
62,7,4.05
62,8,4.94
62,9,5.13
62,10,6.0
62,11,6.41
62,12,7.37
63,1,0.68
63,2,1.65
63,3,1.8
63,4,2.29
63,5,2.61
63,6,2.83
63,7,3.59
63,8,4.25
63,9,5.22
63,10,5.48
63,11,6.32
63,12,6.78
64,1,0.22
64,2,0.87
64,3,1.59
64,4,2.25
64,5,2.44
64,6,2.54
64,7,3.3
64,8,4.21
64,9,4.98
64,10,5.47
64,11,5.85
64,12,6.34
65,1,0.43
65,2,0.83
65,3,1.71
65,4,2.38
65,5,3.01
65,6,3.98
65,7,4.09
65,8,4.57
65,9,4.83
65,10,5.13
65,11,5.96
65,12,6.76
66,1,0.46
66,2,1.3
66,3,1.58
66,4,2.34
66,5,2.64
66,6,2.84
66,7,3.02
66,8,3.47
66,9,3.61
66,10,3.76
66,11,4.62
66,12,5.25
67,1,0.39
67,2,0.67
67,3,0.78
67,4,1.03
67,5,1.79
67,6,2.36
67,7,3.24
67,8,3.53
67,9,3.84
67,10,3.98
67,11,4.43
67,12,5.13
68,1,0.93
68,2,1.46
68,3,1.98
68,4,2.68
68,5,3.3
68,6,3.75
68,7,4.28
68,8,4.66
68,9,4.89
68,10,5.33
68,11,5.89
68,12,6.25
69,1,0.24
69,2,1.07
69,3,1.69
69,4,2.5
69,5,3.28
69,6,3.92
69,7,4.69
69,8,5.39
69,9,5.67
69,10,6.57
69,11,7.2
69,12,8.07
70,1,0.44
70,2,0.96
70,3,1.75
70,4,2.67
70,5,3.09
70,6,3.73
70,7,4.54
70,8,4.93
70,9,5.37
70,10,6.17
70,11,6.92
70,12,7.28
71,1,0.72
71,2,1.18
71,3,2.01
71,4,2.51
71,5,2.68
71,6,3.23
71,7,3.86
71,8,4.53
71,9,4.76
71,10,5.22
71,11,5.74
71,12,5.91
72,1,0.48
72,2,1.09
72,3,1.55
72,4,2.03
72,5,2.29
72,6,2.51
72,7,3.23
72,8,3.89
72,9,4.56
72,10,5.46
72,11,6.43
72,12,7.04
73,1,0.81
73,2,1.17
73,3,1.7
73,4,2.44
73,5,2.56
73,6,2.9
73,7,3.2
73,8,3.49
73,9,4.44
73,10,5.18
73,11,5.61
73,12,6.4
74,1,0.5
74,2,0.69
74,3,1.17
74,4,1.67
74,5,1.9
74,6,2.71
74,7,3.02
74,8,3.48
74,9,4.37
74,10,5.13
74,11,5.43
74,12,5.56
75,1,0.51
75,2,1.07
75,3,2.0
75,4,2.28
75,5,2.57
75,6,3.35
75,7,4.08
75,8,4.69
75,9,4.86
75,10,5.39
75,11,6.15
75,12,6.84
76,1,0.42
76,2,0.88
76,3,1.53
76,4,1.69
76,5,2.23
76,6,2.73
76,7,3.62
76,8,3.8
76,9,4.24
76,10,4.67
76,11,5.62
76,12,6.22
77,1,0.52
77,2,0.81
77,3,1.56
77,4,1.76
77,5,1.9
77,6,2.74
77,7,3.53
77,8,4.19
77,9,4.7
77,10,5.06
77,11,5.84
77,12,6.3
78,1,0.4
78,2,1.37
78,3,1.5
78,4,1.86
78,5,2.5
78,6,2.82
78,7,3.59
78,8,4.35
78,9,4.97
78,10,5.58
78,11,6.43
78,12,6.88
79,1,0.97
79,2,1.82
79,3,2.0
79,4,2.85
79,5,3.71
79,6,4.6
79,7,5.32
79,8,5.95
79,9,6.08
79,10,6.57
79,11,7.45
79,12,7.66
80,1,0.44
80,2,1.41
80,3,1.85
80,4,2.51
80,5,3.39
80,6,4.13
80,7,4.66
80,8,5.48
80,9,5.78
80,10,6.21
80,11,6.51
80,12,6.93
81,1,0.52
81,2,0.97
81,3,1.08
81,4,1.88
81,5,2.3
81,6,2.41
81,7,2.51
81,8,3.1
81,9,3.3
81,10,3.57
81,11,4.11
81,12,4.9
82,1,0.6
82,2,0.79
82,3,1.29
82,4,2.19
82,5,2.99
82,6,3.65
82,7,3.75
82,8,4.72
82,9,5.38
82,10,6.0
82,11,6.96
82,12,7.49
83,1,0.66
83,2,1.27
83,3,1.81
83,4,2.54
83,5,3.24
83,6,3.45
83,7,4.0
83,8,4.42
83,9,5.14
83,10,5.6
83,11,5.93
83,12,6.81
84,1,0.58
84,2,0.68
84,3,1.56
84,4,2.15
84,5,2.38
84,6,3.27
84,7,3.53
84,8,3.89
84,9,4.73
84,10,5.21
84,11,6.16
84,12,6.62
85,1,0.18
85,2,0.89
85,3,1.3
85,4,1.78
85,5,2.24
85,6,2.5
85,7,2.95
85,8,3.9
85,9,4.72
85,10,5.08
85,11,5.37
85,12,6.18
86,1,0.27
86,2,1.03
86,3,1.29
86,4,2.25
86,5,2.94
86,6,3.5
86,7,3.62
86,8,4.22
86,9,4.42
86,10,5.2
86,11,6.08
86,12,6.25
87,1,0.45
87,2,0.78
87,3,1.36
87,4,1.85
87,5,2.81
87,6,3.17
87,7,3.66
87,8,4.49
87,9,5.09
87,10,6.02
87,11,6.96
87,12,7.65
88,1,0.7
88,2,1.57
88,3,1.69
88,4,2.5
88,5,2.88
88,6,3.39
88,7,3.53
88,8,4.17
88,9,4.65
88,10,5.49
88,11,5.93
88,12,6.32
89,1,0.22
89,2,1.16
89,3,1.66
89,4,2.28
89,5,2.59
89,6,3.11
89,7,3.64
89,8,4.48
89,9,4.65
89,10,5.12
89,11,5.7
89,12,6.22
90,1,0.87
90,2,1.07
90,3,2.0
90,4,2.12
90,5,2.29
90,6,2.78
90,7,3.29
90,8,3.74
90,9,4.67
90,10,4.8
90,11,5.06
90,12,5.17
91,1,0.67
91,2,0.98
91,3,1.7
91,4,2.07
91,5,2.28
91,6,2.83
91,7,3.04
91,8,3.44
91,9,3.7
91,10,3.82
91,11,4.19
91,12,4.44
92,1,0.33
92,2,0.72
92,3,1.44
92,4,1.7
92,5,2.34
92,6,2.57
92,7,3.45
92,8,3.56
92,9,3.98
92,10,4.95
92,11,5.62
92,12,5.74
93,1,0.32
93,2,0.49
93,3,0.75
93,4,1.54
93,5,1.93
93,6,2.33
93,7,2.72
93,8,3.09
93,9,3.58
93,10,4.02
93,11,4.49
93,12,5.12
94,1,0.29
94,2,0.66
94,3,1.28
94,4,1.66
94,5,2.49
94,6,3.16
94,7,3.42
94,8,3.64
94,9,4.56
94,10,5.37
94,11,5.79
94,12,6.74
95,1,0.23
95,2,1.18
95,3,1.86
95,4,2.13
95,5,3.02
95,6,3.37
95,7,3.64
95,8,3.74
95,9,3.93
95,10,4.23
95,11,4.49
95,12,5.03
96,1,0.42
96,2,0.98
96,3,1.63
96,4,2.12
96,5,2.75
96,6,3.36
96,7,4.33
96,8,4.79
96,9,5.4
96,10,6.15
96,11,6.34
96,12,6.94
97,1,0.29
97,2,1.13
97,3,1.29
97,4,1.62
97,5,2.22
97,6,2.76
97,7,3.43
97,8,3.73
97,9,4.19
97,10,4.66
97,11,5.6
97,12,5.75
98,1,0.94
98,2,1.66
98,3,2.55
98,4,3.06
98,5,3.43
98,6,4.35
98,7,4.61
98,8,4.8
98,9,5.46
98,10,5.96
98,11,6.81
98,12,7.45
99,1,0.13
99,2,0.4
99,3,1.08
99,4,1.83
99,5,2.22
99,6,2.95
99,7,3.5
99,8,4.33
99,9,4.72
99,10,5.46
99,11,5.78
99,12,6.04
100,1,0.83
100,2,1.33
100,3,2.26
100,4,2.56
100,5,3.31
100,6,3.82
100,7,4.58
100,8,5.12
100,9,5.42
100,10,5.97
100,11,6.83
100,12,7.15
101,1,0.18
101,2,0.86
101,3,1.67
101,4,1.92
101,5,2.81
101,6,3.59
101,7,4.06
101,8,4.76
101,9,5.68
101,10,6.56
101,11,7.21
101,12,7.42
102,1,0.1
102,2,0.43
102,3,0.65
102,4,0.93
102,5,1.15
102,6,1.26
102,7,2.14
102,8,2.85
102,9,3.55
102,10,4.51
102,11,4.93
102,12,5.35
103,1,0.71
103,2,1.42
103,3,2.34
103,4,2.67
103,5,3.19
103,6,3.35
103,7,3.65
103,8,4.5
103,9,5.38
103,10,5.54
103,11,5.89
103,12,6.55
104,1,0.45
104,2,0.82
104,3,1.71
104,4,2.0
104,5,2.71
104,6,2.88
104,7,3.53
104,8,3.73
104,9,4.6
104,10,4.76
104,11,5.67
104,12,6.53
105,1,0.25
105,2,0.55
105,3,0.75
105,4,1.36
105,5,1.96
105,6,2.19
105,7,3.15
105,8,3.96
105,9,4.67
105,10,5.64
105,11,6.15
105,12,6.29
106,1,0.39
106,2,1.11
106,3,1.83
106,4,1.96
106,5,2.35
106,6,2.79
106,7,3.75
106,8,3.96
106,9,4.45
106,10,4.98
106,11,5.31
106,12,5.75
107,1,0.83
107,2,1.36
107,3,1.75
107,4,1.95
107,5,2.92
107,6,3.17
107,7,3.44
107,8,4.16
107,9,5.06
107,10,5.92
107,11,6.84
107,12,7.64
108,1,0.83
108,2,1.74
108,3,2.64
108,4,3.22
108,5,3.89
108,6,4.49
108,7,4.7
108,8,5.25
108,9,5.38
108,10,5.61
108,11,5.78
108,12,6.07
109,1,0.87
109,2,0.99
109,3,1.68
109,4,2.47
109,5,2.6
109,6,3.27
109,7,3.82
109,8,4.77
109,9,5.31
109,10,5.95
109,11,6.22
109,12,6.67
110,1,0.54
110,2,0.8
110,3,1.14
110,4,1.35
110,5,1.95
110,6,2.77
110,7,3.41
110,8,4.1
110,9,5.07
110,10,5.64
110,11,6.04
110,12,6.61
111,1,0.54
111,2,1.27
111,3,1.47
111,4,2.36
111,5,2.49
111,6,3.42
111,7,3.94
111,8,4.41
111,9,5.36
111,10,6.08
111,11,6.65
111,12,7.14
112,1,0.47
112,2,1.34
112,3,2.07
112,4,3.02
112,5,3.77
112,6,3.99
112,7,4.83
112,8,5.8
112,9,6.71
112,10,7.34
112,11,8.23
112,12,9.14
113,1,0.79
113,2,1.02
113,3,1.23
113,4,1.36
113,5,2.18
113,6,2.95
113,7,3.23
113,8,3.68
113,9,3.87
113,10,4.31
113,11,4.75
113,12,5.47
114,1,0.7
114,2,1.34
114,3,2.1
114,4,2.38
114,5,2.54
114,6,3.52
114,7,4.34
114,8,4.97
114,9,5.63
114,10,6.33
114,11,6.88
114,12,6.99
115,1,0.25
115,2,0.53
115,3,1.18
115,4,1.56
115,5,1.82
115,6,2.31
115,7,2.76
115,8,3.47
115,9,3.88
115,10,4.83
115,11,4.96
115,12,5.5
116,1,0.38
116,2,0.95
116,3,1.83
116,4,2.46
116,5,3.31
116,6,4.24
116,7,5.17
116,8,5.94
116,9,6.8
116,10,7.23
116,11,7.38
116,12,7.69
117,1,0.79
117,2,1.3
117,3,1.86
117,4,2.81
117,5,3.41
117,6,3.76
117,7,4.42
117,8,5.0
117,9,5.88
117,10,6.65
117,11,7.49
117,12,7.94
118,1,0.23
118,2,0.66
118,3,1.43
118,4,1.56
118,5,2.21
118,6,2.83
118,7,2.97
118,8,3.67
118,9,3.88
118,10,4.84
118,11,5.4
118,12,6.04
119,1,0.26
119,2,0.36
119,3,1.14
119,4,1.64
119,5,1.91
119,6,2.48
119,7,3.36
119,8,4.23
119,9,4.62
119,10,4.73
119,11,5.68
119,12,5.98
120,1,0.28
120,2,0.71
120,3,1.61
120,4,2.1
120,5,2.5
120,6,3.1
120,7,3.7
120,8,4.11
120,9,4.68
120,10,4.87
120,11,5.65
120,12,6.57
121,1,0.71
121,2,1.32
121,3,1.51
121,4,1.81
121,5,2.23
121,6,3.14
121,7,3.36
121,8,3.77
121,9,4.54
121,10,5.08
121,11,5.41
121,12,6.07
122,1,0.96
122,2,1.08
122,3,1.84
122,4,2.31
122,5,2.83
122,6,3.09
122,7,3.27
122,8,3.96
122,9,4.16
122,10,4.91
122,11,5.68
122,12,6.58
123,1,0.36
123,2,0.7
123,3,1.36
123,4,1.91
123,5,2.32
123,6,2.55
123,7,2.91
123,8,3.36
123,9,3.52
123,10,4.22
123,11,4.38
123,12,5.21
124,1,0.18
124,2,0.28
124,3,0.47
124,4,1.35
124,5,1.87
124,6,2.48
124,7,3.23
124,8,3.53
124,9,4.46
124,10,5.11
124,11,5.5
124,12,5.68
125,1,0.36
125,2,1.3
125,3,1.74
125,4,2.23
125,5,3.09
125,6,3.34
125,7,3.71
125,8,4.02
125,9,4.27
125,10,4.96
125,11,5.32
125,12,5.67
126,1,0.91
126,2,1.1
126,3,1.26
126,4,1.85
126,5,2.78
126,6,3.73
126,7,4.7
126,8,5.57
126,9,5.85
126,10,6.53
126,11,6.9
126,12,7.35
127,1,0.34
127,2,0.76
127,3,0.88
127,4,1.12
127,5,1.23
127,6,1.54
127,7,2.44
127,8,3.0
127,9,3.48
127,10,4.34
127,11,4.82
127,12,5.3
128,1,0.43
128,2,0.88
128,3,1.52
128,4,2.33
128,5,2.86
128,6,3.55
128,7,3.99
128,8,4.26
128,9,5.24
128,10,5.37
128,11,5.71
128,12,6.47
129,1,0.45
129,2,1.29
129,3,1.56
129,4,2.43
129,5,3.32
129,6,3.99
129,7,4.09
129,8,4.65
129,9,5.58
129,10,6.39
129,11,6.55
129,12,6.92
130,1,0.2
130,2,0.75
130,3,1.62
130,4,1.77
130,5,2.42
130,6,2.66
130,7,3.37
130,8,3.67
130,9,4.31
130,10,4.64
130,11,5.09
130,12,5.66
131,1,0.3
131,2,0.67
131,3,1.37
131,4,1.81
131,5,2.05
131,6,2.82
131,7,3.37
131,8,3.92
131,9,4.17
131,10,4.39
131,11,4.72
131,12,4.99
132,1,0.46
132,2,1.06
132,3,1.9
132,4,2.64
132,5,3.59
132,6,4.28
132,7,4.97
132,8,5.5
132,9,6.43
132,10,6.75
132,11,6.99
132,12,7.84
133,1,0.62
133,2,1.34
133,3,1.97
133,4,2.64
133,5,2.96
133,6,3.17
133,7,4.11
133,8,5.02
133,9,5.18
133,10,5.63
133,11,6.27
133,12,6.62
134,1,0.12
134,2,0.56
134,3,1.37
134,4,1.6
134,5,2.09
134,6,3.0
134,7,3.12
134,8,3.54
134,9,4.26
134,10,4.9
134,11,5.58
134,12,5.83
135,1,0.17
135,2,1.02
135,3,1.5
135,4,2.11
135,5,2.38
135,6,3.33
135,7,3.98
135,8,4.53
135,9,5.29
135,10,5.53
135,11,5.92
135,12,6.84
136,1,0.26
136,2,1.12
136,3,1.36
136,4,1.99
136,5,2.32
136,6,2.81
136,7,3.17
136,8,3.52
136,9,3.88
136,10,4.22
136,11,4.57
136,12,5.27
137,1,0.46
137,2,0.89
137,3,1.36
137,4,2.22
137,5,2.37
137,6,2.82
137,7,3.14
137,8,4.01
137,9,4.13
137,10,4.37
137,11,4.87
137,12,5.31
138,1,0.44
138,2,1.14
138,3,2.08
138,4,2.5
138,5,3.22
138,6,3.39
138,7,3.67
138,8,4.39
138,9,5.15
138,10,5.43
138,11,5.78
138,12,6.21
139,1,0.79
139,2,1.42
139,3,1.72
139,4,2.23
139,5,2.75
139,6,3.54
139,7,3.91
139,8,4.66
139,9,5.54
139,10,5.79
139,11,6.34
139,12,7.12
140,1,0.16
140,2,1.0
140,3,1.69
140,4,2.35
140,5,3.12
140,6,4.07
140,7,4.26
140,8,5.02
140,9,5.56
140,10,6.04
140,11,6.23
140,12,6.57
141,1,0.73
141,2,1.36
141,3,2.2
141,4,2.7
141,5,3.33
141,6,3.96
141,7,4.31
141,8,5.28
141,9,6.11
141,10,6.28
141,11,6.65
141,12,7.49
142,1,0.46
142,2,1.04
142,3,1.29
142,4,1.79
142,5,2.24
142,6,2.42
142,7,2.53
142,8,3.43
142,9,4.02
142,10,4.53
142,11,5.49
142,12,5.71
143,1,0.79
143,2,1.71
143,3,2.25
143,4,2.59
143,5,2.75
143,6,3.18
143,7,3.41
143,8,3.92
143,9,4.84
143,10,5.28
143,11,6.18
143,12,6.82
144,1,0.65
144,2,1.41
144,3,2.2
144,4,2.77
144,5,3.23
144,6,3.61
144,7,4.53
144,8,4.65
144,9,4.97
144,10,5.38
144,11,5.6
144,12,5.72
145,1,0.52
145,2,0.99
145,3,1.75
145,4,2.25
145,5,2.78
145,6,2.97
145,7,3.9
145,8,4.33
145,9,4.55
145,10,4.66
145,11,5.41
145,12,6.1
146,1,0.27
146,2,0.48
146,3,1.45
146,4,1.89
146,5,2.67
146,6,3.36
146,7,3.52
146,8,4.33
146,9,4.9
146,10,5.29
146,11,5.73
146,12,5.95
147,1,0.27
147,2,0.63
147,3,0.93
147,4,1.6
147,5,1.75
147,6,2.37
147,7,2.48
147,8,2.9
147,9,3.7
147,10,4.51
147,11,4.8
147,12,5.38
148,1,0.83
148,2,1.75
148,3,1.97
148,4,2.78
148,5,2.92
148,6,3.77
148,7,3.92
148,8,4.74
148,9,5.53
148,10,6.29
148,11,7.22
148,12,7.96
149,1,0.66
149,2,1.43
149,3,1.54
149,4,2.13
149,5,2.26
149,6,2.64
149,7,2.87
149,8,3.2
149,9,3.81
149,10,4.75
149,11,5.29
149,12,5.68
150,1,0.56
150,2,1.11
150,3,1.35
150,4,2.28
150,5,3.1
150,6,3.25
150,7,3.44
150,8,3.9
150,9,4.66
150,10,5.11
150,11,5.79
150,12,5.93
151,1,0.82
151,2,1.45
151,3,2.37
151,4,2.63
151,5,3.5
151,6,3.68
151,7,4.32
151,8,4.95
151,9,5.85
151,10,6.73
151,11,7.58
151,12,8.2
152,1,0.85
152,2,1.67
152,3,2.19
152,4,2.39
152,5,3.16
152,6,4.05
152,7,4.47
152,8,4.79
152,9,5.55
152,10,6.26
152,11,7.21
152,12,8.01
153,1,0.75
153,2,0.91
153,3,1.22
153,4,1.51
153,5,2.44
153,6,2.88
153,7,3.54
153,8,4.32
153,9,4.66
153,10,4.93
153,11,5.44
153,12,5.79
154,1,0.14
154,2,0.5
154,3,0.72
154,4,1.65
154,5,2.16
154,6,2.91
154,7,3.24
154,8,3.64
154,9,4.09
154,10,4.83
154,11,5.69
154,12,5.88
155,1,0.39
155,2,0.79
155,3,1.38
155,4,1.55
155,5,2.01
155,6,2.11
155,7,3.07
155,8,3.43
155,9,3.58
155,10,4.07
155,11,4.6
155,12,5.07
156,1,0.12
156,2,0.9
156,3,1.85
156,4,2.36
156,5,2.94
156,6,3.63
156,7,4.28
156,8,5.12
156,9,5.98
156,10,6.33
156,11,6.98
156,12,7.28
157,1,0.5
157,2,1.4
157,3,2.13
157,4,2.36
157,5,2.99
157,6,3.72
157,7,4.44
157,8,5.37
157,9,6.26
157,10,6.53
157,11,6.73
157,12,7.34
158,1,0.64
158,2,1.28
158,3,2.15
158,4,2.51
158,5,3.35
158,6,4.14
158,7,4.95
158,8,5.14
158,9,5.49
158,10,5.92
158,11,6.36
158,12,6.95
159,1,0.9
159,2,1.48
159,3,1.81
159,4,2.61
159,5,3.08
159,6,3.44
159,7,3.8
159,8,4.1
159,9,4.69
159,10,5.37
159,11,6.25
159,12,6.58
160,1,0.82
160,2,1.25
160,3,2.13
160,4,2.54
160,5,2.94
160,6,3.69
160,7,4.54
160,8,5.34
160,9,5.84
160,10,6.42
160,11,6.58
160,12,7.23
161,1,0.73
161,2,1.33
161,3,1.95
161,4,2.46
161,5,2.68
161,6,2.85
161,7,3.76
161,8,3.93
161,9,4.6
161,10,4.81
161,11,5.6
161,12,5.9
162,1,0.24
162,2,0.76
162,3,1.7
162,4,1.99
162,5,2.88
162,6,3.32
162,7,3.97
162,8,4.62
162,9,5.4
162,10,5.93
162,11,6.89
162,12,7.71
163,1,0.49
163,2,1.05
163,3,1.75
163,4,2.18
163,5,2.79
163,6,3.25
163,7,4.21
163,8,4.75
163,9,5.31
163,10,6.15
163,11,6.84
163,12,7.36
164,1,0.95
164,2,1.28
164,3,1.89
164,4,2.08
164,5,2.74
164,6,3.63
164,7,4.27
164,8,5.05
164,9,5.88
164,10,6.08
164,11,6.88
164,12,7.26
165,1,0.93
165,2,1.75
165,3,2.1
165,4,2.44
165,5,2.9
165,6,3.13
165,7,3.26
165,8,3.45
165,9,3.88
165,10,4.67
165,11,4.93
165,12,5.57
166,1,0.64
166,2,1.11
166,3,1.63
166,4,2.41
166,5,2.9
166,6,3.87
166,7,4.58
166,8,5.41
166,9,5.72
166,10,5.97
166,11,6.78
166,12,7.21
167,1,0.28
167,2,0.81
167,3,0.97
167,4,1.43
167,5,1.98
167,6,2.34
167,7,2.81
167,8,3.35
167,9,3.51
167,10,3.72
167,11,3.85
167,12,4.33
168,1,0.59
168,2,1.22
168,3,1.46
168,4,1.96
168,5,2.93
168,6,3.88
168,7,4.49
168,8,5.15
168,9,5.88
168,10,6.39
168,11,7.34
168,12,7.5
169,1,0.64
169,2,1.57
169,3,1.85
169,4,2.55
169,5,3.16
169,6,3.93
169,7,4.63
169,8,4.99
169,9,5.86
169,10,6.29
169,11,6.73
169,12,7.26
170,1,0.19
170,2,0.33
170,3,0.8
170,4,1.51
170,5,1.96
170,6,2.86
170,7,3.44
170,8,4.33
170,9,4.47
170,10,4.8
170,11,5.22
170,12,5.93
171,1,0.55
171,2,0.99
171,3,1.85
171,4,2.24
171,5,2.5
171,6,2.73
171,7,2.94
171,8,3.69
171,9,3.83
171,10,4.6
171,11,5.52
171,12,5.92
172,1,0.69
172,2,1.59
172,3,2.25
172,4,2.62
172,5,2.82
172,6,3.15
172,7,3.81
172,8,3.98
172,9,4.66
172,10,4.76
172,11,5.67
172,12,6.59
173,1,0.1
173,2,0.53
173,3,1.27
173,4,1.85
173,5,2.7
173,6,2.94
173,7,3.85
173,8,3.98
173,9,4.81
173,10,5.28
173,11,5.84
173,12,6.35
174,1,0.79
174,2,1.73
174,3,2.54
174,4,3.42
174,5,4.01
174,6,4.81
174,7,5.44
174,8,5.66
174,9,5.83
174,10,6.31
174,11,6.5
174,12,6.81
175,1,0.33
175,2,1.04
175,3,1.58
175,4,2.54
175,5,2.99
175,6,3.41
175,7,4.04
175,8,4.14
175,9,4.89
175,10,5.54
175,11,5.73
175,12,6.41
176,1,0.41
176,2,1.23
176,3,1.41
176,4,1.71
176,5,2.51
176,6,3.22
176,7,3.47
176,8,4.41
176,9,5.35
176,10,6.2
176,11,6.34
176,12,6.76
177,1,0.15
177,2,0.27
177,3,0.46
177,4,1.31
177,5,2.03
177,6,2.45
177,7,3.32
177,8,4.23
177,9,5.06
177,10,5.68
177,11,6.01
177,12,6.59
178,1,0.88
178,2,1.45
178,3,1.61
178,4,1.94
178,5,2.04
178,6,2.73
178,7,3.49
178,8,3.71
178,9,4.42
178,10,4.79
178,11,5.76
178,12,6.27
179,1,0.7
179,2,1.07
179,3,1.35
179,4,1.72
179,5,2.52
179,6,3.21
179,7,3.71
179,8,4.14
179,9,4.61
179,10,5.05
179,11,5.88
179,12,6.5
180,1,0.26
180,2,0.55
180,3,1.52
180,4,1.83
180,5,2.75
180,6,3.39
180,7,3.49
180,8,4.4
180,9,5.33
180,10,5.95
180,11,6.76
180,12,6.93
181,1,0.77
181,2,0.99
181,3,1.17
181,4,1.57
181,5,2.37
181,6,3.09
181,7,4.05
181,8,4.55
181,9,4.98
181,10,5.49
181,11,5.62
181,12,6.33
182,1,0.68
182,2,1.42
182,3,2.06
182,4,2.9
182,5,3.47
182,6,4.38
182,7,4.53
182,8,4.65
182,9,5.05
182,10,5.59
182,11,6.04
182,12,6.92
183,1,0.83
183,2,1.46
183,3,1.63
183,4,2.56
183,5,2.66
183,6,2.87
183,7,3.84
183,8,4.01
183,9,4.6
183,10,5.21
183,11,5.99
183,12,6.23
184,1,0.3
184,2,0.46
184,3,1.04
184,4,1.91
184,5,2.32
184,6,2.78
184,7,3.69
184,8,3.95
184,9,4.14
184,10,4.69
184,11,5.6
184,12,6.33
185,1,0.71
185,2,1.65
185,3,2.21
185,4,2.41
185,5,2.6
185,6,3.29
185,7,3.7
185,8,4.57
185,9,5.54
185,10,6.19
185,11,6.45
185,12,6.7
186,1,0.61
186,2,1.32
186,3,1.65
186,4,2.45
186,5,2.78
186,6,3.5
186,7,3.95
186,8,4.86
186,9,5.76
186,10,6.6
186,11,7.21
186,12,7.46
187,1,0.21
187,2,0.35
187,3,0.97
187,4,1.8
187,5,2.51
187,6,2.85
187,7,3.42
187,8,3.58
187,9,3.84
187,10,4.76
187,11,5.01
187,12,5.81
188,1,0.39
188,2,1.01
188,3,1.37
188,4,1.62
188,5,1.78
188,6,1.98
188,7,2.5
188,8,2.84
188,9,3.27
188,10,3.42
188,11,3.82
188,12,4.37
189,1,0.15
189,2,0.81
189,3,1.39
189,4,1.59
189,5,2.52
189,6,3.45
189,7,3.55
189,8,4.08
189,9,4.27
189,10,4.67
189,11,5.61
189,12,6.34
190,1,0.49
190,2,0.76
190,3,1.72
190,4,1.95
190,5,2.1
190,6,2.98
190,7,3.95
190,8,4.46
190,9,5.21
190,10,5.69
190,11,6.29
190,12,6.71
191,1,0.26
191,2,0.78
191,3,1.31
191,4,1.57
191,5,2.45
191,6,3.29
191,7,4.04
191,8,4.27
191,9,4.37
191,10,4.7
191,11,5.17
191,12,5.78
192,1,0.75
192,2,1.32
192,3,2.2
192,4,3.09
192,5,3.98
192,6,4.86
192,7,5.02
192,8,5.5
192,9,6.4
192,10,7.07
192,11,7.37
192,12,7.51
193,1,0.71
193,2,1.45
193,3,1.88
193,4,2.06
193,5,2.96
193,6,3.48
193,7,4.29
193,8,4.44
193,9,4.66
193,10,5.02
193,11,5.15
193,12,5.39
194,1,0.24
194,2,0.35
194,3,0.63
194,4,1.21
194,5,2.04
194,6,2.16
194,7,2.94
194,8,3.85
194,9,4.02
194,10,4.75
194,11,5.4
194,12,6.24
195,1,0.31
195,2,1.11
195,3,2.0
195,4,2.84
195,5,3.63
195,6,4.43
195,7,4.74
195,8,4.92
195,9,5.08
195,10,5.95
195,11,6.57
195,12,6.87
196,1,0.52
196,2,0.82
196,3,1.12
196,4,1.63
196,5,2.22
196,6,2.78
196,7,3.59
196,8,4.16
196,9,5.07
196,10,5.23
196,11,6.13
196,12,7.09
197,1,0.13
197,2,0.35
197,3,0.66
197,4,1.17
197,5,1.62
197,6,2.5
197,7,3.25
197,8,3.35
197,9,4.1
197,10,4.63
197,11,5.32
197,12,5.82
198,1,0.47
198,2,0.71
198,3,1.21
198,4,1.71
198,5,1.84
198,6,2.71
198,7,3.28
198,8,3.7
198,9,4.12
198,10,4.96
198,11,5.73
198,12,6.37
199,1,0.16
199,2,1.06
199,3,1.44
199,4,1.81
199,5,1.96
199,6,2.17
199,7,2.9
199,8,3.55
199,9,3.87
199,10,4.44
199,11,5.11
199,12,5.91
200,1,0.2
200,2,0.81
200,3,1.13
200,4,2.06
200,5,2.75
200,6,3.03
200,7,3.35
200,8,3.6
200,9,4.33
200,10,5.0
200,11,5.94
200,12,6.73
201,1,0.9
201,2,1.01
201,3,1.57
201,4,1.8
201,5,2.61
201,6,3.1
201,7,4.07
201,8,4.96
201,9,5.64
201,10,5.97
201,11,6.36
201,12,6.53
202,1,0.63
202,2,1.28
202,3,2.07
202,4,2.82
202,5,3.3
202,6,3.99
202,7,4.44
202,8,4.55
202,9,5.3
202,10,5.99
202,11,6.82
202,12,7.21
203,1,0.54
203,2,1.07
203,3,1.61
203,4,1.91
203,5,2.46
203,6,3.42
203,7,3.63
203,8,4.12
203,9,4.6
203,10,4.89
203,11,5.16
203,12,5.5
204,1,0.56
204,2,1.37
204,3,2.09
204,4,2.2
204,5,3.11
204,6,4.03
204,7,4.82
204,8,5.05
204,9,6.01
204,10,6.56
204,11,7.42
204,12,7.94
205,1,0.78
205,2,1.13
205,3,1.74
205,4,2.7
205,5,2.88
205,6,3.47
205,7,3.65
205,8,4.6
205,9,5.47
205,10,6.18
205,11,6.87
205,12,7.04
206,1,0.35
206,2,0.55
206,3,1.19
206,4,1.72
206,5,2.37
206,6,3.26
206,7,3.66
206,8,4.29
206,9,4.71
206,10,5.54
206,11,6.41
206,12,6.71
207,1,0.12
207,2,0.83
207,3,1.3
207,4,2.14
207,5,3.07
207,6,3.18
207,7,3.7
207,8,4.04
207,9,4.59
207,10,5.54
207,11,6.52
207,12,6.76
208,1,0.38
208,2,0.71
208,3,1.17
208,4,2.07
208,5,2.58
208,6,3.2
208,7,3.36
208,8,4.08
208,9,5.03
208,10,5.83
208,11,6.66
208,12,7.18
209,1,0.27
209,2,0.88
209,3,1.65
209,4,2.17
209,5,2.44
209,6,3.01
209,7,3.6
209,8,3.88
209,9,4.61
209,10,5.56
209,11,5.94
209,12,6.57
210,1,0.89
210,2,1.71
210,3,2.13
210,4,3.05
210,5,4.0
210,6,4.3
210,7,4.6
210,8,5.49
210,9,6.41
210,10,7.16
210,11,7.58
210,12,7.92
211,1,0.21
211,2,0.47
211,3,0.94
211,4,1.23
211,5,1.64
211,6,2.1
211,7,2.64
211,8,3.19
211,9,3.46
211,10,4.37
211,11,5.18
211,12,5.7
212,1,0.8
212,2,1.56
212,3,1.93
212,4,2.84
212,5,3.82
212,6,4.67
212,7,5.2
212,8,5.78
212,9,6.12
212,10,6.63
212,11,6.82
212,12,7.25
213,1,0.65
213,2,1.02
213,3,1.37
213,4,1.78
213,5,2.52
213,6,3.31
213,7,4.16
213,8,4.4
213,9,4.73
213,10,5.6
213,11,6.52
213,12,7.05
214,1,0.92
214,2,1.37
214,3,2.12
214,4,2.83
214,5,3.74
214,6,4.11
214,7,4.57
214,8,5.13
214,9,5.75
214,10,6.48
214,11,6.71
214,12,7.0
215,1,0.55
215,2,1.0
215,3,1.3
215,4,2.16
215,5,3.09
215,6,3.22
215,7,3.4
215,8,4.08
215,9,4.66
215,10,4.91
215,11,5.58
215,12,6.18
216,1,0.74
216,2,1.47
216,3,2.38
216,4,2.51
216,5,2.63
216,6,3.04
216,7,3.52
216,8,4.18
216,9,4.67
216,10,5.5
216,11,6.18
216,12,6.75
217,1,0.68
217,2,1.14
217,3,1.28
217,4,1.86
217,5,2.33
217,6,2.94
217,7,3.82
217,8,4.13
217,9,4.95
217,10,5.69
217,11,6.53
217,12,7.47
218,1,0.84
218,2,1.54
218,3,2.49
218,4,3.2
218,5,3.81
218,6,4.74
218,7,4.87
218,8,5.81
218,9,6.57
218,10,6.73
218,11,7.55
218,12,7.69
219,1,0.66
219,2,1.56
219,3,1.87
219,4,2.0
219,5,2.81
219,6,3.35
219,7,3.92
219,8,4.53
219,9,5.36
219,10,5.51
219,11,5.81
219,12,6.05
220,1,0.56
220,2,0.97
220,3,1.82
220,4,2.72
220,5,3.54
220,6,3.84
220,7,4.29
220,8,5.14
220,9,5.82
220,10,6.76
220,11,7.62
220,12,7.92
221,1,0.23
221,2,1.11
221,3,1.9
221,4,2.44
221,5,3.04
221,6,3.26
221,7,4.14
221,8,4.34
221,9,4.93
221,10,5.87
221,11,6.47
221,12,6.78
222,1,0.81
222,2,1.19
222,3,1.31
222,4,1.8
222,5,2.44
222,6,2.85
222,7,3.51
222,8,3.68
222,9,4.18
222,10,5.04
222,11,5.65
222,12,6.33
223,1,0.72
223,2,1.15
223,3,1.46
223,4,2.35
223,5,2.48
223,6,2.8
223,7,3.41
223,8,4.31
223,9,5.25
223,10,5.71
223,11,6.26
223,12,6.65
224,1,0.33
224,2,0.66
224,3,1.32
224,4,2.12
224,5,2.95
224,6,3.33
224,7,3.56
224,8,3.95
224,9,4.4
224,10,4.68
224,11,5.54
224,12,6.05
225,1,0.32
225,2,1.24
225,3,1.37
225,4,2.11
225,5,2.45
225,6,2.63
225,7,3.32
225,8,4.13
225,9,4.36
225,10,4.71
225,11,5.38
225,12,5.8
226,1,0.75
226,2,1.58
226,3,2.54
226,4,3.44
226,5,4.09
226,6,4.9
226,7,5.7
226,8,6.32
226,9,6.43
226,10,6.53
226,11,6.71
226,12,7.32
227,1,0.22
227,2,0.74
227,3,1.47
227,4,1.66
227,5,2.2
227,6,2.87
227,7,3.05
227,8,3.49
227,9,3.95
227,10,4.42
227,11,4.72
227,12,4.86
228,1,0.13
228,2,0.46
228,3,1.16
228,4,1.82
228,5,2.34
228,6,3.11
228,7,3.61
228,8,4.03
228,9,4.35
228,10,4.77
228,11,5.08
228,12,5.46
229,1,0.75
229,2,1.22
229,3,1.47
229,4,1.7
229,5,2.27
229,6,2.99
229,7,3.49
229,8,4.4
229,9,4.84
229,10,4.98
229,11,5.51
229,12,6.29
230,1,0.89
230,2,1.5
230,3,2.1
230,4,3.0
230,5,3.18
230,6,3.41
230,7,3.6
230,8,3.9
230,9,4.49
230,10,4.91
230,11,5.27
230,12,5.84
231,1,0.86
231,2,1.51
231,3,2.41
231,4,2.56
231,5,2.93
231,6,3.47
231,7,4.1
231,8,4.55
231,9,5.03
231,10,5.62
231,11,6.05
231,12,6.48
232,1,0.69
232,2,1.31
232,3,1.68
232,4,2.11
232,5,2.83
232,6,3.42
232,7,3.93
232,8,4.43
232,9,4.86
232,10,5.76
232,11,6.52
232,12,6.76
233,1,0.35
233,2,0.49
233,3,0.66
233,4,1.37
233,5,1.59
233,6,2.22
233,7,3.1
233,8,3.22
233,9,3.39
233,10,3.51
233,11,3.99
233,12,4.61
234,1,0.81
234,2,1.06
234,3,1.24
234,4,1.99
234,5,2.5
234,6,3.28
234,7,3.41
234,8,3.77
234,9,4.09
234,10,4.36
234,11,4.91
234,12,5.13
235,1,0.95
235,2,1.92
235,3,2.61
235,4,3.19
235,5,3.6
235,6,4.1
235,7,4.65
235,8,4.93
235,9,5.12
235,10,5.85
235,11,6.79
235,12,7.02
236,1,0.13
236,2,0.85
236,3,1.14
236,4,1.67
236,5,2.33
236,6,2.77
236,7,2.93
236,8,3.42
236,9,3.74
236,10,4.28
236,11,5.17
236,12,5.79
237,1,0.28
237,2,1.14
237,3,1.84
237,4,2.73
237,5,2.98
237,6,3.54
237,7,4.4
237,8,5.21
237,9,5.59
237,10,6.34
237,11,6.94
237,12,7.14
238,1,0.34
238,2,1.28
238,3,1.6
238,4,2.52
238,5,2.87
238,6,3.45
238,7,3.66
238,8,4.01
238,9,4.1
238,10,4.68
238,11,5.03
238,12,5.8
239,1,0.74
239,2,1.21
239,3,1.54
239,4,1.74
239,5,2.67
239,6,3.03
239,7,3.26
239,8,4.02
239,9,4.89
239,10,5.03
239,11,5.89
239,12,6.33
240,1,0.27
240,2,1.05
240,3,1.44
240,4,1.96
240,5,2.66
240,6,2.85
240,7,3.79
240,8,4.73
240,9,5.29
240,10,5.39
240,11,5.86
240,12,6.46
241,1,0.56
241,2,0.94
241,3,1.35
241,4,2.0
241,5,2.88
241,6,3.56
241,7,3.82
241,8,4.72
241,9,5.16
241,10,5.47
241,11,5.6
241,12,6.46
242,1,0.32
242,2,0.78
242,3,1.32
242,4,1.47
242,5,2.05
242,6,2.98
242,7,3.43
242,8,3.74
242,9,4.11
242,10,4.52
242,11,5.34
242,12,5.65
243,1,0.37
243,2,0.49
243,3,0.99
243,4,1.41
243,5,2.06
243,6,2.76
243,7,2.96
243,8,3.3
243,9,4.18
243,10,4.8
243,11,4.91
243,12,5.56
244,1,0.47
244,2,0.79
244,3,1.36
244,4,1.72
244,5,1.96
244,6,2.14
244,7,2.27
244,8,2.67
244,9,3.43
244,10,3.98
244,11,4.63
244,12,5.46
245,1,0.78
245,2,1.13
245,3,1.25
245,4,1.67
245,5,2.56
245,6,3.22
245,7,3.5
245,8,4.14
245,9,4.6
245,10,5.09
245,11,6.0
245,12,6.37
246,1,0.21
246,2,0.63
246,3,0.78
246,4,1.53
246,5,2.06
246,6,3.01
246,7,3.85
246,8,4.45
246,9,4.78
246,10,5.17
246,11,5.53
246,12,5.99
247,1,0.26
247,2,0.55
247,3,0.72
247,4,1.69
247,5,2.65
247,6,2.94
247,7,3.65
247,8,4.35
247,9,5.08
247,10,5.67
247,11,5.87
247,12,6.81
248,1,0.13
248,2,0.71
248,3,1.22
248,4,2.13
248,5,3.08
248,6,3.98
248,7,4.1
248,8,4.23
248,9,4.72
248,10,5.26
248,11,6.2
248,12,6.82
249,1,0.82
249,2,1.0
249,3,1.6
249,4,2.05
249,5,2.83
249,6,3.33
249,7,3.43
249,8,4.34
249,9,5.2
249,10,6.12
249,11,6.67
249,12,7.21
250,1,0.92
250,2,1.74
250,3,2.66
250,4,3.14
250,5,3.26
250,6,3.84
250,7,4.13
250,8,4.7
250,9,5.38
250,10,5.91
250,11,6.7
250,12,7.33
251,1,0.14
251,2,0.98
251,3,1.31
251,4,1.73
251,5,2.0
251,6,2.62
251,7,2.96
251,8,3.91
251,9,4.46
251,10,5.01
251,11,5.53
251,12,5.85
252,1,0.87
252,2,1.18
252,3,1.56
252,4,1.85
252,5,2.37
252,6,3.33
252,7,4.06
252,8,4.17
252,9,4.99
252,10,5.38
252,11,5.68
252,12,6.6
253,1,0.56
253,2,1.16
253,3,1.39
253,4,1.5
253,5,1.78
253,6,2.61
253,7,2.74
253,8,2.85
253,9,3.75
253,10,4.38
253,11,4.81
253,12,5.38
254,1,0.89
254,2,1.34
254,3,2.18
254,4,2.71
254,5,3.25
254,6,3.64
254,7,4.05
254,8,4.46
254,9,4.86
254,10,5.51
254,11,5.69
254,12,6.41
255,1,0.89
255,2,1.73
255,3,2.64
255,4,3.56
255,5,3.74
255,6,3.98
255,7,4.77
255,8,4.99
255,9,5.36
255,10,5.82
255,11,6.33
255,12,7.05
256,1,0.82
256,2,1.48
256,3,2.19
256,4,2.36
256,5,2.9
256,6,3.04
256,7,3.92
256,8,4.59
256,9,5.03
256,10,5.37
256,11,5.56
256,12,6.47
257,1,0.67
257,2,1.19
257,3,2.03
257,4,3.01
257,5,3.62
257,6,4.55
257,7,4.88
257,8,5.31
257,9,5.84
257,10,6.59
257,11,6.77
257,12,7.29
258,1,0.61
258,2,0.77
258,3,1.19
258,4,1.49
258,5,1.74
258,6,2.15
258,7,2.55
258,8,2.85
258,9,3.13
258,10,3.4
258,11,3.72
258,12,4.57
259,1,0.58
259,2,1.21
259,3,1.85
259,4,1.97
259,5,2.8
259,6,3.56
259,7,4.47
259,8,4.71
259,9,4.97
259,10,5.87
259,11,6.03
259,12,6.24
260,1,0.5
260,2,1.3
260,3,1.74
260,4,2.18
260,5,3.06
260,6,3.48
260,7,4.09
260,8,5.05
260,9,5.56
260,10,6.07
260,11,6.43
260,12,6.61
261,1,0.74
261,2,1.11
261,3,1.46
261,4,1.64
261,5,2.59
261,6,2.85
261,7,3.64
261,8,3.96
261,9,4.85
261,10,5.5
261,11,5.67
261,12,6.39
262,1,0.32
262,2,1.0
262,3,1.88
262,4,2.84
262,5,3.35
262,6,4.09
262,7,4.93
262,8,5.62
262,9,5.89
262,10,6.41
262,11,6.89
262,12,7.55
263,1,0.56
263,2,0.92
263,3,1.53
263,4,2.37
263,5,3.02
263,6,3.91
263,7,4.54
263,8,4.7
263,9,4.93
263,10,5.8
263,11,6.5
263,12,7.2
264,1,0.21
264,2,1.08
264,3,1.45
264,4,1.82
264,5,2.48
264,6,3.27
264,7,3.37
264,8,3.88
264,9,4.75
264,10,5.03
264,11,5.91
264,12,6.54
265,1,0.56
265,2,0.69
265,3,1.54
265,4,2.09
265,5,2.81
265,6,3.65
265,7,4.54
265,8,5.12
265,9,5.88
265,10,6.41
265,11,6.77
265,12,7.26
266,1,0.68
266,2,1.02
266,3,1.92
266,4,2.85
266,5,3.29
266,6,3.57
266,7,4.25
266,8,4.68
266,9,5.2
266,10,5.8
266,11,6.65
266,12,7.24
267,1,0.32
267,2,0.49
267,3,0.65
267,4,1.43
267,5,1.64
267,6,1.88
267,7,2.04
267,8,2.9
267,9,3.46
267,10,3.87
267,11,4.63
267,12,5.04
268,1,0.57
268,2,0.73
268,3,1.0
268,4,1.8
268,5,2.54
268,6,3.1
268,7,3.54
268,8,4.08
268,9,4.66
268,10,4.91
268,11,5.14
268,12,6.06
269,1,0.19
269,2,0.5
269,3,1.11
269,4,1.84
269,5,2.08
269,6,2.82
269,7,3.42
269,8,4.22
269,9,4.63
269,10,4.75
269,11,4.91
269,12,5.36
270,1,0.68
270,2,0.82
270,3,1.65
270,4,1.83
270,5,2.59
270,6,2.88
270,7,3.11
270,8,3.62
270,9,4.47
270,10,4.73
270,11,5.28
270,12,5.63
271,1,0.34
271,2,1.27
271,3,1.76
271,4,2.24
271,5,2.58
271,6,2.98
271,7,3.32
271,8,4.14
271,9,4.57
271,10,5.24
271,11,6.22
271,12,6.7
272,1,0.93
272,2,1.69
272,3,1.96
272,4,2.12
272,5,2.51
272,6,3.48
272,7,4.31
272,8,4.81
272,9,5.23
272,10,5.8
272,11,6.74
272,12,7.16
273,1,0.59
273,2,1.06
273,3,1.98
273,4,2.93
273,5,3.71
273,6,4.1
273,7,4.79
273,8,4.97
273,9,5.45
273,10,6.24
273,11,6.68
273,12,6.91
274,1,0.77
274,2,1.25
274,3,2.13
274,4,2.65
274,5,2.83
274,6,3.75
274,7,4.65
274,8,4.89
274,9,5.84
274,10,6.65
274,11,6.86
274,12,7.81
275,1,0.8
275,2,1.6
275,3,1.98
275,4,2.91
275,5,3.51
275,6,4.23
275,7,4.6
275,8,5.04
275,9,5.83
275,10,6.7
275,11,6.89
275,12,7.57
276,1,0.78
276,2,1.12
276,3,1.22
276,4,1.78
276,5,2.51
276,6,3.07
276,7,3.88
276,8,3.98
276,9,4.67
276,10,5.0
276,11,5.24
276,12,6.03
277,1,0.87
277,2,1.63
277,3,2.08
277,4,2.27
277,5,2.91
277,6,3.04
277,7,3.69
277,8,4.2
277,9,4.77
277,10,5.39
277,11,5.77
277,12,6.38
278,1,0.17
278,2,0.35
278,3,0.94
278,4,1.48
278,5,2.43
278,6,3.11
278,7,3.67
278,8,4.23
278,9,4.39
278,10,4.88
278,11,5.21
278,12,5.82
279,1,0.7
279,2,1.17
279,3,1.69
279,4,2.16
279,5,2.54
279,6,3.05
279,7,3.74
279,8,4.3
279,9,4.78
279,10,5.31
279,11,6.14
279,12,6.7
280,1,0.2
280,2,0.67
280,3,0.93
280,4,1.2
280,5,1.79
280,6,2.7
280,7,3.13
280,8,3.8
280,9,4.22
280,10,4.85
280,11,5.66
280,12,5.82
281,1,0.85
281,2,1.79
281,3,2.14
281,4,2.85
281,5,3.53
281,6,4.46
281,7,4.9
281,8,5.69
281,9,6.28
281,10,6.46
281,11,7.03
281,12,7.69
282,1,0.17
282,2,0.86
282,3,1.64
282,4,2.16
282,5,3.0
282,6,3.53
282,7,3.87
282,8,4.83
282,9,5.42
282,10,5.8
282,11,6.51
282,12,7.15
283,1,0.45
283,2,0.91
283,3,1.34
283,4,2.02
283,5,2.72
283,6,3.16
283,7,3.53
283,8,3.65
283,9,3.92
283,10,4.88
283,11,5.84
283,12,6.6
284,1,0.35
284,2,0.61
284,3,1.05
284,4,1.32
284,5,1.99
284,6,2.68
284,7,3.29
284,8,3.69
284,9,3.87
284,10,4.16
284,11,5.05
284,12,5.7
285,1,0.82
285,2,1.32
285,3,1.46
285,4,1.93
285,5,2.89
285,6,3.29
285,7,3.94
285,8,4.18
285,9,4.52
285,10,5.17
285,11,5.32
285,12,5.62
286,1,0.77
286,2,1.57
286,3,2.14
286,4,2.84
286,5,3.1
286,6,3.38
286,7,3.57
286,8,3.93
286,9,4.44
286,10,5.37
286,11,5.51
286,12,5.61
287,1,0.45
287,2,1.16
287,3,1.42
287,4,2.32
287,5,2.54
287,6,3.13
287,7,3.37
287,8,3.78
287,9,4.71
287,10,5.5
287,11,6.22
287,12,6.5
288,1,0.47
288,2,0.67
288,3,0.78
288,4,1.37
288,5,2.22
288,6,2.49
288,7,3.22
288,8,3.43
288,9,4.23
288,10,5.03
288,11,5.17
288,12,5.61
289,1,0.42
289,2,0.76
289,3,1.37
289,4,1.48
289,5,2.4
289,6,2.94
289,7,3.88
289,8,4.19
289,9,4.57
289,10,4.88
289,11,5.66
289,12,6.09
290,1,0.79
290,2,1.49
290,3,1.64
290,4,2.19
290,5,2.9
290,6,3.18
290,7,3.91
290,8,4.5
290,9,4.72
290,10,5.05
290,11,5.25
290,12,5.74
291,1,0.88
291,2,1.22
291,3,1.83
291,4,2.29
291,5,2.52
291,6,2.88
291,7,3.37
291,8,4.01
291,9,4.19
291,10,4.8
291,11,4.96
291,12,5.85
292,1,0.86
292,2,1.15
292,3,1.85
292,4,2.41
292,5,3.34
292,6,3.46
292,7,4.23
292,8,4.72
292,9,4.82
292,10,5.52
292,11,6.09
292,12,6.66
293,1,0.72
293,2,1.69
293,3,2.29
293,4,2.89
293,5,3.74
293,6,4.27
293,7,5.04
293,8,5.97
293,9,6.45
293,10,6.59
293,11,6.74
293,12,7.43
294,1,0.88
294,2,1.24
294,3,1.49
294,4,1.83
294,5,2.14
294,6,2.28
294,7,3.22
294,8,3.86
294,9,4.15
294,10,4.37
294,11,4.49
294,12,4.77
295,1,0.45
295,2,1.12
295,3,1.45
295,4,1.58
295,5,2.2
295,6,3.17
295,7,3.57
295,8,4.35
295,9,5.09
295,10,5.32
295,11,5.44
295,12,6.05
296,1,0.29
296,2,0.99
296,3,1.54
296,4,1.75
296,5,2.32
296,6,2.63
296,7,2.97
296,8,3.1
296,9,3.59
296,10,3.96
296,11,4.53
296,12,5.11
297,1,0.29
297,2,0.42
297,3,0.81
297,4,1.78
297,5,2.18
297,6,2.97
297,7,3.77
297,8,3.98
297,9,4.51
297,10,4.92
297,11,5.8
297,12,6.38
298,1,0.72
298,2,1.27
298,3,2.25
298,4,2.43
298,5,3.37
298,6,3.72
298,7,4.3
298,8,5.02
298,9,5.38
298,10,6.05
298,11,6.37
298,12,7.25
299,1,0.25
299,2,0.5
299,3,1.07
299,4,2.02
299,5,2.34
299,6,3.15
299,7,3.26
299,8,3.71
299,9,4.65
299,10,4.83
299,11,5.54
299,12,6.38
300,1,0.71
300,2,1.24
300,3,1.46
300,4,1.87
300,5,2.69
300,6,3.27
300,7,4.07
300,8,4.97
300,9,5.92
300,10,6.37
300,11,7.17
300,12,8.07
301,1,0.33
301,2,0.45
301,3,0.61
301,4,1.3
301,5,2.11
301,6,2.35
301,7,3.0
301,8,3.72
301,9,4.69
301,10,5.52
301,11,5.71
301,12,6.41
302,1,0.14
302,2,0.59
302,3,1.34
302,4,1.46
302,5,2.38
302,6,2.83
302,7,3.5
302,8,4.23
302,9,4.68
302,10,4.94
302,11,5.37
302,12,5.71
303,1,0.26
303,2,0.37
303,3,0.51
303,4,0.78
303,5,1.56
303,6,1.72
303,7,1.85
303,8,2.47
303,9,2.81
303,10,3.1
303,11,3.71
303,12,4.46
304,1,0.97
304,2,1.07
304,3,1.47
304,4,1.95
304,5,2.52
304,6,2.96
304,7,3.19
304,8,3.79
304,9,4.23
304,10,4.44
304,11,5.35
304,12,5.6
305,1,0.34
305,2,1.32
305,3,1.82
305,4,2.6
305,5,3.41
305,6,4.1
305,7,4.25
305,8,5.11
305,9,5.71
305,10,5.84
305,11,6.74
305,12,7.11
306,1,0.44
306,2,0.55
306,3,1.04
306,4,1.96
306,5,2.7
306,6,3.21
306,7,3.82
306,8,3.98
306,9,4.46
306,10,4.98
306,11,5.32
306,12,5.55
307,1,0.65
307,2,0.97
307,3,1.9
307,4,2.09
307,5,2.21
307,6,2.88
307,7,3.66
307,8,4.52
307,9,5.46
307,10,6.14
307,11,6.96
307,12,7.59
308,1,0.82
308,2,0.93
308,3,1.08
308,4,1.63
308,5,1.92
308,6,2.52
308,7,2.77
308,8,2.96
308,9,3.72
308,10,4.45
308,11,4.68
308,12,5.21
309,1,0.46
309,2,1.35
309,3,2.03
309,4,2.63
309,5,2.84
309,6,3.05
309,7,3.76
309,8,4.56
309,9,5.33
309,10,5.79
309,11,6.67
309,12,6.81
310,1,0.12
310,2,0.97
310,3,1.86
310,4,2.58
310,5,2.99
310,6,3.23
310,7,3.43
310,8,3.73
310,9,4.07
310,10,4.9
310,11,5.62
310,12,6.32
311,1,0.47
311,2,0.93
311,3,1.38
311,4,2.0
311,5,2.17
311,6,2.71
311,7,3.55
311,8,3.77
311,9,4.67
311,10,5.11
311,11,5.42
311,12,6.34
312,1,0.53
312,2,1.19
312,3,1.83
312,4,2.34
312,5,2.68
312,6,3.19
312,7,4.07
312,8,4.57
312,9,5.04
312,10,5.47
312,11,5.94
312,12,6.37
313,1,0.92
313,2,1.72
313,3,2.67
313,4,3.4
313,5,3.69
313,6,4.4
313,7,4.59
313,8,5.49
313,9,6.26
313,10,7.05
313,11,7.99
313,12,8.88
314,1,0.28
314,2,0.65
314,3,0.87
314,4,1.06
314,5,2.04
314,6,2.36
314,7,2.77
314,8,3.48
314,9,4.34
314,10,4.69
314,11,5.67
314,12,6.37
315,1,0.21
315,2,0.58
315,3,0.76
315,4,0.87
315,5,1.48
315,6,1.74
315,7,2.67
315,8,2.8
315,9,2.95
315,10,3.79
315,11,3.97
315,12,4.61
316,1,0.59
316,2,1.06
316,3,1.22
316,4,1.58
316,5,2.19
316,6,2.57
316,7,3.25
316,8,3.82
316,9,4.12
316,10,4.58
316,11,4.86
316,12,5.36
317,1,0.76
317,2,0.89
317,3,1.39
317,4,1.96
317,5,2.73
317,6,2.91
317,7,3.48
317,8,4.02
317,9,4.15
317,10,5.04
317,11,5.43
317,12,6.1
318,1,0.94
318,2,1.92
318,3,2.25
318,4,3.2
318,5,3.39
318,6,4.29
318,7,5.25
318,8,5.38
318,9,6.11
318,10,6.74
318,11,7.1
318,12,8.05
319,1,0.23
319,2,1.05
319,3,1.73
319,4,2.32
319,5,2.93
319,6,3.03
319,7,3.3
319,8,4.09
319,9,4.31
319,10,5.08
319,11,5.91
319,12,6.32
320,1,0.9
320,2,1.31
320,3,1.95
320,4,2.85
320,5,3.27
320,6,4.05
320,7,4.95
320,8,5.11
320,9,5.81
320,10,6.01
320,11,6.45
320,12,6.83
321,1,0.8
321,2,1.23
321,3,1.37
321,4,1.95
321,5,2.14
321,6,2.65
321,7,2.75
321,8,2.96
321,9,3.1
321,10,3.42
321,11,4.12
321,12,4.4
322,1,0.27
322,2,0.43
322,3,0.78
322,4,1.74
322,5,2.45
322,6,3.09
322,7,3.6
322,8,3.84
322,9,4.0
322,10,4.46
322,11,4.62
322,12,5.45
323,1,0.97
323,2,1.17
323,3,1.32
323,4,2.18
323,5,3.03
323,6,3.92
323,7,4.38
323,8,4.91
323,9,5.17
323,10,5.36
323,11,5.9
323,12,6.41
324,1,0.25
324,2,0.68
324,3,1.25
324,4,2.02
324,5,2.35
324,6,2.48
324,7,2.76
324,8,3.14
324,9,3.75
324,10,4.2
324,11,4.7
324,12,4.88
325,1,0.68
325,2,0.91
325,3,1.19
325,4,2.04
325,5,2.83
325,6,3.78
325,7,4.66
325,8,4.92
325,9,5.19
325,10,5.91
325,11,6.35
325,12,7.06
326,1,0.21
326,2,0.84
326,3,1.78
326,4,2.69
326,5,3.49
326,6,4.45
326,7,4.61
326,8,4.91
326,9,5.25
326,10,6.1
326,11,6.21
326,12,6.65
327,1,0.17
327,2,1.1
327,3,1.56
327,4,1.76
327,5,1.97
327,6,2.37
327,7,3.33
327,8,3.67
327,9,4.26
327,10,4.59
327,11,5.08
327,12,5.37
328,1,0.27
328,2,1.17
328,3,1.29
328,4,1.65
328,5,1.84
328,6,2.12
328,7,2.82
328,8,3.24
328,9,3.52
328,10,4.23
328,11,5.17
328,12,6.06
329,1,0.34
329,2,1.2
329,3,1.61
329,4,2.15
329,5,2.84
329,6,3.33
329,7,3.73
329,8,4.15
329,9,4.38
329,10,5.32
329,11,5.64
329,12,6.39
330,1,0.54
330,2,1.13
330,3,2.08
330,4,2.98
330,5,3.79
330,6,3.96
330,7,4.23
330,8,5.21
330,9,5.61
330,10,6.16
330,11,6.79
330,12,7.7
331,1,0.1
331,2,0.91
331,3,1.05
331,4,1.79
331,5,1.95
331,6,2.8
331,7,3.4
331,8,4.34
331,9,5.03
331,10,5.4
331,11,6.36
331,12,6.67
332,1,0.47
332,2,0.96
332,3,1.14
332,4,2.05
332,5,2.81
332,6,3.56
332,7,4.32
332,8,5.02
332,9,5.47
332,10,5.74
332,11,6.35
332,12,6.74
333,1,0.53
333,2,0.73
333,3,0.9
333,4,1.07
333,5,1.34
333,6,2.06
333,7,2.69
333,8,3.49
333,9,3.76
333,10,4.4
333,11,5.0
333,12,5.24
334,1,0.49
334,2,0.74
334,3,1.56
334,4,2.34
334,5,3.23
334,6,3.8
334,7,4.35
334,8,5.12
334,9,6.0
334,10,6.42
334,11,7.06
334,12,7.87
335,1,0.11
335,2,0.25
335,3,0.84
335,4,1.35
335,5,1.71
335,6,2.22
335,7,2.33
335,8,2.68
335,9,2.84
335,10,3.15
335,11,3.69
335,12,4.64
336,1,0.24
336,2,1.08
336,3,1.87
336,4,2.21
336,5,2.96
336,6,3.88
336,7,4.18
336,8,4.56
336,9,4.7
336,10,5.27
336,11,5.65
336,12,6.41
337,1,0.32
337,2,1.12
337,3,1.8
337,4,2.61
337,5,3.41
337,6,3.85
337,7,4.3
337,8,4.52
337,9,4.99
337,10,5.56
337,11,5.79
337,12,6.43
338,1,0.62
338,2,1.24
338,3,1.75
338,4,2.46
338,5,3.0
338,6,3.67
338,7,4.02
338,8,4.81
338,9,5.61
338,10,6.08
338,11,6.77
338,12,7.58
339,1,0.85
339,2,1.53
339,3,2.2
339,4,3.04
339,5,3.61
339,6,4.15
339,7,4.98
339,8,5.39
339,9,5.65
339,10,6.27
339,11,6.89
339,12,7.27
340,1,0.55
340,2,1.37
340,3,1.62
340,4,2.28
340,5,2.64
340,6,3.59
340,7,3.94
340,8,4.77
340,9,5.65
340,10,6.15
340,11,6.36
340,12,7.1
341,1,0.4
341,2,0.57
341,3,1.23
341,4,1.87
341,5,2.49
341,6,2.68
341,7,3.41
341,8,3.86
341,9,4.23
341,10,4.72
341,11,4.96
341,12,5.14
342,1,0.57
342,2,1.55
342,3,2.4
342,4,2.54
342,5,3.32
342,6,4.12
342,7,4.61
342,8,5.32
342,9,5.9
342,10,6.85
342,11,7.03
342,12,7.64
343,1,0.43
343,2,0.94
343,3,1.16
343,4,1.71
343,5,2.29
343,6,2.99
343,7,3.54
343,8,4.24
343,9,5.14
343,10,5.39
343,11,5.88
343,12,6.08
344,1,0.81
344,2,1.65
344,3,1.98
344,4,2.36
344,5,3.28
344,6,4.24
344,7,5.15
344,8,6.01
344,9,6.64
344,10,7.07
344,11,7.31
344,12,7.96
345,1,0.69
345,2,1.21
345,3,1.57
345,4,2.47
345,5,3.37
345,6,4.18
345,7,5.1
345,8,6.04
345,9,6.79
345,10,7.55
345,11,7.99
345,12,8.19
346,1,0.54
346,2,1.33
346,3,1.84
346,4,2.2
346,5,2.34
346,6,2.58
346,7,3.43
346,8,4.2
346,9,4.88
346,10,5.12
346,11,5.24
346,12,6.02
347,1,0.26
347,2,1.0
347,3,1.22
347,4,2.13
347,5,2.42
347,6,3.27
347,7,3.7
347,8,3.9
347,9,4.21
347,10,4.98
347,11,5.62
347,12,6.3
348,1,0.96
348,2,1.61
348,3,2.0
348,4,2.64
348,5,3.49
348,6,4.38
348,7,5.32
348,8,5.98
348,9,6.69
348,10,7.12
348,11,7.45
348,12,7.87
349,1,0.54
349,2,1.05
349,3,1.35
349,4,2.12
349,5,2.74
349,6,3.54
349,7,4.13
349,8,4.82
349,9,5.36
349,10,5.92
349,11,6.29
349,12,7.21
350,1,0.24
350,2,0.48
350,3,0.72
350,4,1.2
350,5,1.99
350,6,2.25
350,7,2.9
350,8,3.69
350,9,4.04
350,10,4.63
350,11,5.01
350,12,5.38
351,1,0.35
351,2,0.58
351,3,0.72
351,4,1.07
351,5,2.03
351,6,2.76
351,7,3.26
351,8,3.51
351,9,4.3
351,10,5.1
351,11,5.29
351,12,5.92
352,1,0.67
352,2,1.55
352,3,2.14
352,4,2.63
352,5,2.95
352,6,3.37
352,7,4.22
352,8,4.53
352,9,4.65
352,10,5.3
352,11,6.06
352,12,6.28
353,1,0.14
353,2,0.79
353,3,1.28
353,4,1.91
353,5,2.76
353,6,3.17
353,7,4.14
353,8,5.01
353,9,5.52
353,10,6.0
353,11,6.21
353,12,7.09
354,1,0.67
354,2,0.87
354,3,1.72
354,4,1.93
354,5,2.79
354,6,3.5
354,7,4.16
354,8,4.99
354,9,5.32
354,10,5.91
354,11,6.34
354,12,6.87
355,1,0.82
355,2,0.96
355,3,1.62
355,4,1.91
355,5,2.35
355,6,3.29
355,7,3.84
355,8,4.52
355,9,4.67
355,10,5.1
355,11,5.65
355,12,6.48
356,1,0.7
356,2,1.09
356,3,1.63
356,4,2.52
356,5,2.64
356,6,2.93
356,7,3.7
356,8,4.27
356,9,4.85
356,10,5.24
356,11,5.62
356,12,5.89
357,1,0.55
357,2,1.06
357,3,1.8
357,4,2.29
357,5,2.8
357,6,3.67
357,7,3.82
357,8,4.14
357,9,4.49
357,10,4.59
357,11,5.02
357,12,5.61
358,1,0.8
358,2,1.05
358,3,1.61
358,4,1.73
358,5,2.04
358,6,2.21
358,7,2.38
358,8,3.0
358,9,3.69
358,10,4.39
358,11,4.88
358,12,5.28
359,1,0.84
359,2,1.81
359,3,2.44
359,4,2.58
359,5,2.91
359,6,3.59
359,7,3.91
359,8,4.71
359,9,5.42
359,10,6.1
359,11,6.26
359,12,6.51
360,1,0.38
360,2,1.18
360,3,2.13
360,4,2.32
360,5,2.7
360,6,3.54
360,7,4.19
360,8,4.45
360,9,5.32
360,10,5.97
360,11,6.76
360,12,7.7
361,1,0.59
361,2,1.28
361,3,1.54
361,4,1.74
361,5,2.33
361,6,2.52
361,7,3.43
361,8,4.32
361,9,5.27
361,10,6.15
361,11,6.78
361,12,7.04
362,1,0.16
362,2,0.64
362,3,1.28
362,4,1.94
362,5,2.78
362,6,2.98
362,7,3.79
362,8,4.01
362,9,4.78
362,10,5.63
362,11,5.96
362,12,6.76
363,1,0.15
363,2,0.96
363,3,1.55
363,4,1.68
363,5,2.48
363,6,3.0
363,7,3.16
363,8,3.91
363,9,4.2
363,10,5.05
363,11,5.82
363,12,6.25
364,1,0.51
364,2,1.18
364,3,1.77
364,4,1.93
364,5,2.69
364,6,3.17
364,7,4.08
364,8,4.81
364,9,4.96
364,10,5.43
364,11,5.55
364,12,5.73
365,1,0.57
365,2,0.83
365,3,1.57
365,4,1.68
365,5,2.39
365,6,2.58
365,7,2.93
365,8,3.28
365,9,3.77
365,10,3.89
365,11,4.16
365,12,4.72
366,1,0.59
366,2,1.36
366,3,1.62
366,4,1.92
366,5,2.41
366,6,3.16
366,7,4.02
366,8,4.5
366,9,4.9
366,10,5.59
366,11,5.82
366,12,6.18
367,1,0.72
367,2,0.88
367,3,1.79
367,4,1.96
367,5,2.83
367,6,3.65
367,7,3.84
367,8,4.3
367,9,4.88
367,10,5.1
367,11,5.92
367,12,6.34
368,1,0.71
368,2,1.09
368,3,1.75
368,4,2.26
368,5,2.83
368,6,3.68
368,7,4.41
368,8,5.35
368,9,5.8
368,10,6.34
368,11,6.72
368,12,6.85
369,1,0.91
369,2,1.86
369,3,2.83
369,4,3.17
369,5,3.93
369,6,4.47
369,7,5.32
369,8,5.8
369,9,6.74
369,10,7.59
369,11,8.46
369,12,9.1
370,1,0.53
370,2,1.21
370,3,1.69
370,4,2.28
370,5,2.54
370,6,3.19
370,7,3.81
370,8,4.13
370,9,4.45
370,10,5.26
370,11,5.93
370,12,6.88
371,1,0.32
371,2,0.61
371,3,1.12
371,4,1.82
371,5,2.19
371,6,2.69
371,7,3.52
371,8,3.85
371,9,4.47
371,10,5.2
371,11,5.94
371,12,6.19
372,1,0.76
372,2,0.91
372,3,1.72
372,4,2.24
372,5,3.11
372,6,3.89
372,7,4.57
372,8,5.39
372,9,6.3
372,10,6.42
372,11,7.4
372,12,8.31
373,1,0.59
373,2,0.7
373,3,0.86
373,4,1.02
373,5,1.34
373,6,1.8
373,7,2.44
373,8,2.59
373,9,3.14
373,10,3.93
373,11,4.81
373,12,5.54
374,1,0.57
374,2,1.28
374,3,2.04
374,4,2.56
374,5,2.7
374,6,2.9
374,7,3.24
374,8,3.35
374,9,4.02
374,10,4.35
374,11,5.06
374,12,5.38
375,1,0.38
375,2,1.24
375,3,2.02
375,4,2.86
375,5,3.08
375,6,3.53
375,7,3.75
375,8,4.7
375,9,5.6
375,10,5.75
375,11,6.45
375,12,6.84
376,1,0.94
376,2,1.11
376,3,1.71
376,4,2.13
376,5,2.83
376,6,3.62
376,7,4.07
376,8,4.95
376,9,5.51
376,10,6.43
376,11,6.59
376,12,6.99
377,1,0.18
377,2,0.98
377,3,1.23
377,4,2.1
377,5,2.21
377,6,2.3
377,7,2.87
377,8,3.42
377,9,4.17
377,10,4.85
377,11,5.75
377,12,6.41
378,1,0.36
378,2,1.15
378,3,1.52
378,4,2.02
378,5,2.51
378,6,2.75
378,7,3.29
378,8,3.67
378,9,4.61
378,10,5.4
378,11,6.34
378,12,7.04
379,1,0.17
379,2,0.93
379,3,1.52
379,4,1.93
379,5,2.5
379,6,2.66
379,7,2.8
379,8,3.71
379,9,3.99
379,10,4.49
379,11,5.35
379,12,6.27
380,1,0.85
380,2,1.46
380,3,2.42
380,4,3.15
380,5,3.46
380,6,4.4
380,7,4.89
380,8,5.07
380,9,5.18
380,10,5.42
380,11,6.25
380,12,6.96
381,1,0.27
381,2,0.76
381,3,1.44
381,4,2.29
381,5,2.9
381,6,3.18
381,7,4.11
381,8,4.48
381,9,5.19
381,10,5.59
381,11,5.75
381,12,6.1
382,1,0.34
382,2,1.02
382,3,1.55
382,4,2.46
382,5,2.94
382,6,3.78
382,7,4.0
382,8,4.61
382,9,5.39
382,10,6.2
382,11,7.12
382,12,7.68
383,1,0.95
383,2,1.14
383,3,2.09
383,4,2.32
383,5,3.08
383,6,3.83
383,7,3.97
383,8,4.4
383,9,5.18
383,10,5.88
383,11,6.26
383,12,7.22
384,1,0.61
384,2,1.02
384,3,1.4
384,4,2.08
384,5,2.78
384,6,3.28
384,7,4.06
384,8,4.38
384,9,4.8
384,10,5.5
384,11,6.4
384,12,6.85
385,1,0.73
385,2,1.18
385,3,1.91
385,4,2.12
385,5,2.55
385,6,2.88
385,7,3.33
385,8,3.45
385,9,4.27
385,10,4.79
385,11,4.9
385,12,5.47
386,1,0.51
386,2,1.45
386,3,2.24
386,4,3.08
386,5,3.36
386,6,3.48
386,7,3.98
386,8,4.94
386,9,5.13
386,10,5.98
386,11,6.73
386,12,7.54
387,1,0.81
387,2,1.07
387,3,1.51
387,4,2.39
387,5,2.95
387,6,3.72
387,7,3.98
387,8,4.28
387,9,4.52
387,10,5.12
387,11,5.27
387,12,6.07
388,1,0.25
388,2,0.82
388,3,1.57
388,4,1.92
388,5,2.37
388,6,2.47
388,7,3.14
388,8,3.87
388,9,4.54
388,10,5.52
388,11,6.08
388,12,6.47
389,1,0.54
389,2,1.17
389,3,1.96
389,4,2.27
389,5,2.49
389,6,3.14
389,7,3.83
389,8,4.64
389,9,4.94
389,10,5.68
389,11,6.59
389,12,6.95
390,1,0.18
390,2,0.81
390,3,1.78
390,4,2.14
390,5,2.85
390,6,3.63
390,7,4.1
390,8,4.96
390,9,5.71
390,10,6.06
390,11,6.52
390,12,6.85
391,1,0.85
391,2,1.22
391,3,1.99
391,4,2.92
391,5,3.27
391,6,4.16
391,7,4.61
391,8,4.9
391,9,5.37
391,10,6.05
391,11,6.78
391,12,7.22
392,1,0.76
392,2,1.6
392,3,2.12
392,4,2.27
392,5,2.56
392,6,3.05
392,7,3.16
392,8,4.11
392,9,4.99
392,10,5.32
392,11,5.53
392,12,5.74
393,1,0.9
393,2,1.37
393,3,2.23
393,4,2.68
393,5,3.11
393,6,3.8
393,7,4.33
393,8,5.04
393,9,5.61
393,10,5.99
393,11,6.61
393,12,6.72
394,1,0.21
394,2,0.8
394,3,1.41
394,4,2.06
394,5,2.2
394,6,3.08
394,7,3.61
394,8,4.1
394,9,4.32
394,10,4.55
394,11,4.7
394,12,5.09
395,1,0.11
395,2,0.87
395,3,1.8
395,4,2.29
395,5,2.79
395,6,3.02
395,7,3.85
395,8,4.32
395,9,5.29
395,10,5.74
395,11,6.22
395,12,6.57
396,1,0.37
396,2,1.23
396,3,1.94
396,4,2.73
396,5,3.68
396,6,3.86
396,7,4.24
396,8,4.37
396,9,4.93
396,10,5.72
396,11,6.1
396,12,6.44
397,1,0.16
397,2,0.51
397,3,0.95
397,4,1.11
397,5,1.99
397,6,2.78
397,7,3.39
397,8,4.33
397,9,4.56
397,10,4.71
397,11,5.34
397,12,6.19
398,1,0.22
398,2,0.4
398,3,0.61
398,4,1.07
398,5,1.22
398,6,1.84
398,7,2.38
398,8,3.23
398,9,3.95
398,10,4.75
398,11,4.98
398,12,5.1
399,1,0.16
399,2,0.64
399,3,1.21
399,4,2.08
399,5,3.0
399,6,3.51
399,7,3.82
399,8,4.04
399,9,4.42
399,10,4.6
399,11,5.21
399,12,5.67
400,1,0.32
400,2,1.19
400,3,1.49
400,4,2.33
400,5,2.69
400,6,3.64
400,7,3.95
400,8,4.39
400,9,4.61
400,10,5.04
400,11,5.94
400,12,6.54
401,1,0.68
401,2,1.0
401,3,1.75
401,4,2.49
401,5,3.35
401,6,3.65
401,7,4.05
401,8,4.84
401,9,5.01
401,10,5.58
401,11,6.29
401,12,6.53
402,1,0.35
402,2,0.69
402,3,1.16
402,4,1.34
402,5,2.18
402,6,2.31
402,7,3.26
402,8,4.15
402,9,4.87
402,10,5.47
402,11,6.22
402,12,7.07
403,1,0.79
403,2,0.97
403,3,1.61
403,4,2.34
403,5,2.94
403,6,3.51
403,7,3.89
403,8,4.87
403,9,5.84
403,10,6.61
403,11,6.97
403,12,7.09
404,1,0.17
404,2,0.33
404,3,0.85
404,4,1.26
404,5,1.41
404,6,1.71
404,7,2.21
404,8,2.97
404,9,3.25
404,10,3.91
404,11,4.17
404,12,4.32
405,1,0.24
405,2,0.92
405,3,1.75
405,4,2.18
405,5,2.37
405,6,3.29
405,7,3.85
405,8,4.48
405,9,4.65
405,10,5.02
405,11,5.41
405,12,6.13
406,1,0.16
406,2,0.32
406,3,1.0
406,4,1.64
406,5,1.95
406,6,2.76
406,7,3.33
406,8,3.61
406,9,3.75
406,10,4.19
406,11,4.99
406,12,5.66
407,1,0.82
407,2,1.62
407,3,2.23
407,4,2.86
407,5,3.8
407,6,4.22
407,7,4.72
407,8,5.23
407,9,6.18
407,10,6.6
407,11,7.53
407,12,8.28
408,1,0.92
408,2,1.82
408,3,2.48
408,4,2.6
408,5,3.22
408,6,3.58
408,7,3.8
408,8,4.32
408,9,5.27
408,10,5.67
408,11,6.63
408,12,7.39
409,1,0.27
409,2,0.7
409,3,1.31
409,4,2.02
409,5,2.29
409,6,2.6
409,7,2.71
409,8,3.33
409,9,4.19
409,10,5.14
409,11,5.89
409,12,6.3
410,1,0.73
410,2,0.94
410,3,1.37
410,4,1.72
410,5,2.58
410,6,3.3
410,7,4.11
410,8,4.35
410,9,4.75
410,10,5.61
410,11,5.77
410,12,5.95
411,1,0.3
411,2,0.75
411,3,1.02
411,4,1.43
411,5,1.8
411,6,2.58
411,7,3.43
411,8,3.74
411,9,4.48
411,10,5.39
411,11,5.68
411,12,6.08
412,1,0.19
412,2,1.07
412,3,1.96
412,4,2.15
412,5,2.36
412,6,3.03
412,7,3.35
412,8,3.57
412,9,3.85
412,10,4.81
412,11,5.64
412,12,6.15
413,1,0.7
413,2,0.85
413,3,1.1
413,4,2.04
413,5,2.97
413,6,3.72
413,7,4.14
413,8,4.79
413,9,5.54
413,10,5.77
413,11,6.58
413,12,6.75
414,1,0.55
414,2,0.68
414,3,1.28
414,4,1.56
414,5,2.3
414,6,2.85
414,7,3.46
414,8,3.74
414,9,4.03
414,10,4.17
414,11,4.84
414,12,5.0
415,1,0.55
415,2,1.22
415,3,1.39
415,4,2.05
415,5,2.65
415,6,3.62
415,7,4.08
415,8,5.0
415,9,5.24
415,10,6.09
415,11,6.91
415,12,7.46
416,1,0.59
416,2,1.05
416,3,1.95
416,4,2.69
416,5,3.35
416,6,3.93
416,7,4.26
416,8,4.54
416,9,4.91
416,10,5.89
416,11,6.69
416,12,7.59
417,1,0.47
417,2,1.43
417,3,1.75
417,4,2.67
417,5,3.21
417,6,3.81
417,7,4.22
417,8,4.8
417,9,5.77
417,10,6.26
417,11,6.94
417,12,7.76
418,1,0.48
418,2,0.61
418,3,1.07
418,4,1.6
418,5,1.74
418,6,2.08
418,7,2.55
418,8,2.89
418,9,3.8
418,10,4.48
418,11,5.4
418,12,5.96
419,1,0.96
419,2,1.7
419,3,2.03
419,4,2.37
419,5,3.07
419,6,4.0
419,7,4.61
419,8,5.32
419,9,5.83
419,10,6.7
419,11,7.3
419,12,8.11
420,1,0.9
420,2,1.22
420,3,1.44
420,4,2.27
420,5,2.5
420,6,3.39
420,7,3.72
420,8,4.33
420,9,4.46
420,10,4.82
420,11,5.26
420,12,5.86
421,1,0.78
421,2,1.59
421,3,2.42
421,4,2.68
421,5,3.37
421,6,4.13
421,7,4.52
421,8,5.17
421,9,5.58
421,10,6.13
421,11,6.59
421,12,7.15
422,1,0.93
422,2,1.27
422,3,2.05
422,4,2.88
422,5,3.45
422,6,3.77
422,7,4.17
422,8,4.51
422,9,4.82
422,10,5.32
422,11,6.13
422,12,6.97
423,1,0.67
423,2,0.92
423,3,1.38
423,4,1.67
423,5,2.07
423,6,2.56
423,7,3.11
423,8,3.26
423,9,4.17
423,10,4.59
423,11,5.41
423,12,6.03
424,1,0.46
424,2,0.63
424,3,1.35
424,4,1.71
424,5,2.18
424,6,2.61
424,7,3.29
424,8,4.21
424,9,4.36
424,10,5.07
424,11,5.87
424,12,6.59
425,1,0.51
425,2,0.65
425,3,0.79
425,4,0.99
425,5,1.31
425,6,1.42
425,7,1.67
425,8,2.35
425,9,3.17
425,10,3.57
425,11,4.4
425,12,5.02
426,1,0.11
426,2,1.02
426,3,1.57
426,4,2.42
426,5,2.67
426,6,3.55
426,7,4.16
426,8,4.96
426,9,5.38
426,10,6.0
426,11,6.36
426,12,6.65
427,1,0.11
427,2,0.86
427,3,1.42
427,4,2.24
427,5,2.59
427,6,3.26
427,7,3.99
427,8,4.43
427,9,5.2
427,10,5.77
427,11,6.3
427,12,6.68
428,1,0.76
428,2,1.24
428,3,1.8
428,4,2.01
428,5,2.68
428,6,3.48
428,7,4.1
428,8,4.8
428,9,5.45
428,10,6.35
428,11,6.96
428,12,7.47
429,1,0.92
429,2,1.23
429,3,2.02
429,4,2.31
429,5,2.72
429,6,3.36
429,7,4.21
429,8,4.34
429,9,4.85
429,10,5.32
429,11,6.13
429,12,6.45
430,1,0.27
430,2,1.19
430,3,1.78
430,4,2.48
430,5,2.62
430,6,3.02
430,7,3.81
430,8,4.01
430,9,4.96
430,10,5.78
430,11,6.06
430,12,6.87
431,1,0.93
431,2,1.28
431,3,2.16
431,4,2.46
431,5,2.63
431,6,3.4
431,7,4.14
431,8,5.09
431,9,5.62
431,10,5.97
431,11,6.9
431,12,7.61
432,1,0.18
432,2,1.14
432,3,1.55
432,4,2.3
432,5,2.42
432,6,2.65
432,7,3.53
432,8,4.35
432,9,4.49
432,10,4.88
432,11,5.44
432,12,5.82
433,1,0.86
433,2,1.3
433,3,2.19
433,4,2.47
433,5,2.64
433,6,3.13
433,7,4.07
433,8,4.62
433,9,5.34
433,10,6.24
433,11,6.75
433,12,7.3
434,1,0.58
434,2,1.05
434,3,1.99
434,4,2.42
434,5,2.77
434,6,2.88
434,7,3.59
434,8,3.77
434,9,4.24
434,10,5.1
434,11,5.35
434,12,5.6
435,1,0.3
435,2,0.66
435,3,0.83
435,4,1.37
435,5,1.55
435,6,2.15
435,7,2.96
435,8,3.44
435,9,3.76
435,10,4.34
435,11,4.51
435,12,5.05
436,1,0.86
436,2,1.36
436,3,2.03
436,4,2.97
436,5,3.76
436,6,4.63
436,7,5.41
436,8,6.17
436,9,6.79
436,10,7.35
436,11,8.09
436,12,8.68
437,1,0.22
437,2,0.68
437,3,0.97
437,4,1.26
437,5,1.88
437,6,2.35
437,7,2.78
437,8,3.52
437,9,4.09
437,10,4.79
437,11,5.35
437,12,6.01
438,1,0.76
438,2,1.14
438,3,1.49
438,4,2.43
438,5,3.27
438,6,3.61
438,7,4.12
438,8,4.49
438,9,5.19
438,10,5.99
438,11,6.25
438,12,6.58
439,1,0.69
439,2,1.19
439,3,2.1
439,4,2.3
439,5,3.01
439,6,3.82
439,7,4.4
439,8,4.88
439,9,5.09
439,10,5.36
439,11,5.84
439,12,6.03
440,1,0.23
440,2,0.42
440,3,0.83
440,4,1.75
440,5,2.52
440,6,3.34
440,7,3.83
440,8,4.44
440,9,5.06
440,10,5.56
440,11,6.27
440,12,6.39
441,1,0.69
441,2,1.01
441,3,1.72
441,4,2.63
441,5,3.2
441,6,4.09
441,7,4.26
441,8,4.71
441,9,4.98
441,10,5.29
441,11,5.88
441,12,6.76
442,1,0.95
442,2,1.4
442,3,1.61
442,4,2.15
442,5,2.64
442,6,3.41
442,7,4.33
442,8,5.06
442,9,5.6
442,10,5.73
442,11,5.84
442,12,6.07
443,1,0.81
443,2,1.76
443,3,2.55
443,4,3.17
443,5,3.69
443,6,4.4
443,7,4.96
443,8,5.46
443,9,6.18
443,10,6.34
443,11,6.94
443,12,7.67
444,1,0.9
444,2,1.85
444,3,2.55
444,4,3.15
444,5,3.98
444,6,4.57
444,7,4.83
444,8,5.74
444,9,6.43
444,10,6.7
444,11,7.36
444,12,7.49
445,1,0.78
445,2,1.63
445,3,2.16
445,4,2.71
445,5,2.85
445,6,3.69
445,7,4.22
445,8,4.91
445,9,5.48
445,10,6.1
445,11,6.36
445,12,6.47
446,1,0.68
446,2,1.42
446,3,1.96
446,4,2.27
446,5,3.22
446,6,3.53
446,7,3.69
446,8,3.8
446,9,4.69
446,10,4.96
446,11,5.83
446,12,6.17
447,1,0.54
447,2,0.81
447,3,1.44
447,4,2.23
447,5,2.46
447,6,3.41
447,7,3.84
447,8,4.62
447,9,5.14
447,10,6.01
447,11,6.92
447,12,7.38
448,1,0.88
448,2,1.61
448,3,2.45
448,4,2.67
448,5,3.34
448,6,4.08
448,7,4.2
448,8,4.56
448,9,5.0
448,10,5.74
448,11,6.6
448,12,7.43
449,1,0.35
449,2,1.22
449,3,2.05
449,4,2.88
449,5,3.63
449,6,4.52
449,7,5.12
449,8,5.45
449,9,5.8
449,10,5.91
449,11,6.12
449,12,7.09
450,1,0.74
450,2,1.04
450,3,1.84
450,4,2.13
450,5,2.63
450,6,3.58
450,7,4.53
450,8,5.39
450,9,6.23
450,10,6.58
450,11,7.27
450,12,7.95
451,1,0.15
451,2,0.36
451,3,1.25
451,4,1.76
451,5,2.66
451,6,3.34
451,7,3.97
451,8,4.54
451,9,5.4
451,10,6.22
451,11,7.01
451,12,7.8
452,1,0.45
452,2,1.23
452,3,1.6
452,4,1.9
452,5,2.6
452,6,2.99
452,7,3.64
452,8,4.01
452,9,4.94
452,10,5.19
452,11,5.42
452,12,5.94
453,1,0.17
453,2,1.02
453,3,1.82
453,4,2.52
453,5,3.17
453,6,3.31
453,7,3.74
453,8,4.0
453,9,4.26
453,10,4.59
453,11,5.26
453,12,5.56
454,1,0.66
454,2,1.63
454,3,1.81
454,4,2.59
454,5,3.33
454,6,3.59
454,7,4.16
454,8,5.04
454,9,5.19
454,10,5.76
454,11,5.87
454,12,6.57
455,1,0.34
455,2,1.32
455,3,1.92
455,4,2.22
455,5,3.16
455,6,3.57
455,7,3.99
455,8,4.47
455,9,5.09
455,10,5.34
455,11,6.31
455,12,7.08
456,1,0.13
456,2,0.85
456,3,1.41
456,4,2.09
456,5,2.89
456,6,3.25
456,7,3.95
456,8,4.68
456,9,4.88
456,10,5.02
456,11,5.45
456,12,5.64
457,1,0.55
457,2,0.92
457,3,1.73
457,4,1.88
457,5,2.08
457,6,2.35
457,7,2.67
457,8,3.48
457,9,4.35
457,10,4.69
457,11,4.87
457,12,5.71
458,1,0.95
458,2,1.16
458,3,1.37
458,4,1.62
458,5,1.82
458,6,2.5
458,7,3.37
458,8,4.12
458,9,4.72
458,10,4.87
458,11,4.99
458,12,5.31
459,1,0.27
459,2,1.02
459,3,1.75
459,4,2.51
459,5,2.71
459,6,3.31
459,7,3.97
459,8,4.18
459,9,4.91
459,10,5.29
459,11,6.16
459,12,6.71
460,1,0.2
460,2,1.16
460,3,1.7
460,4,2.07
460,5,2.32
460,6,2.51
460,7,2.84
460,8,3.76
460,9,4.4
460,10,4.84
460,11,5.02
460,12,5.73
461,1,0.17
461,2,0.99
461,3,1.6
461,4,1.9
461,5,2.12
461,6,2.3
461,7,2.68
461,8,3.2
461,9,3.86
461,10,4.84
461,11,5.63
461,12,6.44
462,1,0.85
462,2,1.53
462,3,1.71
462,4,2.06
462,5,2.73
462,6,3.05
462,7,3.43
462,8,3.63
462,9,4.3
462,10,4.97
462,11,5.67
462,12,5.88
463,1,0.85
463,2,1.36
463,3,1.99
463,4,2.56
463,5,2.74
463,6,3.19
463,7,3.31
463,8,3.5
463,9,4.31
463,10,5.07
463,11,5.9
463,12,6.09
464,1,0.4
464,2,1.21
464,3,1.49
464,4,1.68
464,5,2.16
464,6,2.65
464,7,2.8
464,8,3.48
464,9,3.68
464,10,4.59
464,11,5.51
464,12,6.45
465,1,0.69
465,2,1.58
465,3,2.17
465,4,2.39
465,5,2.51
465,6,2.84
465,7,3.24
465,8,4.18
465,9,4.84
465,10,4.97
465,11,5.09
465,12,5.67
466,1,0.65
466,2,1.37
466,3,1.64
466,4,2.41
466,5,2.63
466,6,3.34
466,7,3.93
466,8,4.21
466,9,4.7
466,10,5.13
466,11,5.79
466,12,6.5
467,1,0.14
467,2,1.12
467,3,1.49
467,4,1.9
467,5,2.6
467,6,3.11
467,7,3.83
467,8,4.71
467,9,5.18
467,10,6.11
467,11,6.27
467,12,7.23
468,1,0.51
468,2,1.31
468,3,2.19
468,4,2.56
468,5,2.9
468,6,3.01
468,7,3.31
468,8,3.72
468,9,4.32
468,10,4.53
468,11,5.33
468,12,5.65
469,1,0.75
469,2,1.12
469,3,1.78
469,4,2.27
469,5,2.41
469,6,3.09
469,7,3.21
469,8,3.79
469,9,4.65
469,10,5.2
469,11,6.14
469,12,6.98
470,1,0.82
470,2,1.43
470,3,2.35
470,4,3.18
470,5,3.9
470,6,4.83
470,7,5.05
470,8,5.76
470,9,6.34
470,10,6.74
470,11,6.87
470,12,6.98
471,1,0.45
471,2,0.63
471,3,1.49
471,4,2.28
471,5,2.83
471,6,3.15
471,7,3.85
471,8,4.04
471,9,4.84
471,10,5.59
471,11,5.8
471,12,6.2
472,1,0.57
472,2,1.13
472,3,1.77
472,4,1.88
472,5,1.99
472,6,2.38
472,7,3.05
472,8,3.68
472,9,3.94
472,10,4.43
472,11,4.58
472,12,5.47
473,1,0.96
473,2,1.35
473,3,2.1
473,4,2.47
473,5,3.25
473,6,3.94
473,7,4.78
473,8,5.0
473,9,5.21
473,10,5.66
473,11,6.21
473,12,6.58
474,1,0.31
474,2,0.65
474,3,1.62
474,4,1.92
474,5,2.49
474,6,3.31
474,7,3.43
474,8,4.08
474,9,4.55
474,10,5.05
474,11,5.59
474,12,5.86
475,1,0.2
475,2,1.16
475,3,1.41
475,4,2.19
475,5,2.33
475,6,2.73
475,7,2.96
475,8,3.62
475,9,4.07
475,10,4.46
475,11,5.02
475,12,5.98
476,1,0.32
476,2,0.47
476,3,1.04
476,4,1.45
476,5,1.86
476,6,2.5
476,7,2.92
476,8,3.53
476,9,4.04
476,10,4.36
476,11,4.68
476,12,5.31
477,1,0.4
477,2,0.53
477,3,1.5
477,4,1.85
477,5,2.57
477,6,3.26
477,7,3.94
477,8,4.8
477,9,5.52
477,10,6.23
477,11,6.97
477,12,7.77
478,1,0.76
478,2,0.87
478,3,1.3
478,4,1.68
478,5,2.01
478,6,2.64
478,7,2.9
478,8,3.46
478,9,3.62
478,10,3.8
478,11,4.3
478,12,5.01
479,1,0.85
479,2,1.76
479,3,2.37
479,4,3.26
479,5,4.16
479,6,4.42
479,7,4.97
479,8,5.19
479,9,5.85
479,10,6.24
479,11,6.78
479,12,7.28
480,1,0.87
480,2,1.1
480,3,2.03
480,4,2.93
480,5,3.81
480,6,4.63
480,7,5.09
480,8,5.38
480,9,6.23
480,10,6.86
480,11,7.24
480,12,7.91
481,1,0.12
481,2,1.06
481,3,1.93
481,4,2.88
481,5,3.44
481,6,4.13
481,7,4.86
481,8,5.01
481,9,5.49
481,10,6.07
481,11,6.9
481,12,7.44
482,1,0.9
482,2,1.01
482,3,1.75
482,4,2.14
482,5,2.97
482,6,3.74
482,7,4.14
482,8,4.38
482,9,4.59
482,10,5.48
482,11,6.1
482,12,6.97
483,1,0.43
483,2,0.75
483,3,0.94
483,4,1.11
483,5,2.06
483,6,2.49
483,7,3.32
483,8,4.15
483,9,4.59
483,10,5.47
483,11,5.95
483,12,6.24
484,1,0.14
484,2,0.84
484,3,1.65
484,4,2.47
484,5,2.74
484,6,3.35
484,7,4.21
484,8,4.38
484,9,4.83
484,10,5.18
484,11,5.69
484,12,6.57
485,1,0.42
485,2,1.38
485,3,1.77
485,4,2.22
485,5,2.57
485,6,2.75
485,7,3.66
485,8,4.62
485,9,5.52
485,10,6.49
485,11,6.89
485,12,7.82
486,1,0.23
486,2,0.77
486,3,1.5
486,4,2.33
486,5,2.76
486,6,2.99
486,7,3.75
486,8,4.62
486,9,4.94
486,10,5.13
486,11,5.57
486,12,6.38
487,1,0.88
487,2,1.78
487,3,2.2
487,4,2.9
487,5,3.66
487,6,4.55
487,7,5.0
487,8,5.11
487,9,5.4
487,10,5.83
487,11,6.23
487,12,6.67
488,1,0.49
488,2,0.66
488,3,1.13
488,4,1.95
488,5,2.45
488,6,2.9
488,7,3.19
488,8,4.07
488,9,4.33
488,10,5.21
488,11,5.87
488,12,6.78
489,1,0.3
489,2,0.64
489,3,1.11
489,4,2.02
489,5,2.56
489,6,2.93
489,7,3.33
489,8,3.59
489,9,4.15
489,10,5.13
489,11,5.75
489,12,6.1
490,1,0.49
490,2,0.84
490,3,1.38
490,4,1.67
490,5,2.38
490,6,2.84
490,7,3.77
490,8,3.97
490,9,4.9
490,10,5.83
490,11,6.76
490,12,7.28
491,1,0.78
491,2,0.91
491,3,1.2
491,4,1.95
491,5,2.35
491,6,2.62
491,7,3.54
491,8,4.38
491,9,5.16
491,10,5.34
491,11,6.03
491,12,6.84
492,1,0.68
492,2,1.59
492,3,2.22
492,4,3.1
492,5,3.75
492,6,4.41
492,7,5.06
492,8,5.5
492,9,6.05
492,10,6.42
492,11,6.78
492,12,7.57
493,1,0.53
493,2,0.63
493,3,1.19
493,4,2.13
493,5,2.98
493,6,3.87
493,7,4.24
493,8,5.04
493,9,5.16
493,10,6.0
493,11,6.87
493,12,7.15
494,1,0.25
494,2,0.59
494,3,1.16
494,4,1.64
494,5,1.89
494,6,2.43
494,7,3.33
494,8,4.28
494,9,4.5
494,10,5.0
494,11,5.46
494,12,6.22
495,1,0.39
495,2,0.87
495,3,1.37
495,4,2.35
495,5,2.5
495,6,3.4
495,7,4.18
495,8,4.31
495,9,4.84
495,10,5.08
495,11,5.77
495,12,6.54
496,1,0.91
496,2,1.6
496,3,2.06
496,4,2.78
496,5,3.24
496,6,4.17
496,7,4.67
496,8,5.15
496,9,5.55
496,10,6.36
496,11,7.32
496,12,7.83
497,1,0.2
497,2,0.52
497,3,1.41
497,4,1.65
497,5,1.84
497,6,2.57
497,7,3.31
497,8,3.52
497,9,3.79
497,10,4.65
497,11,5.26
497,12,5.58
498,1,0.91
498,2,1.65
498,3,1.9
498,4,2.6
498,5,3.22
498,6,3.4
498,7,3.87
498,8,4.44
498,9,5.34
498,10,5.81
498,11,6.17
498,12,6.73
499,1,0.16
499,2,0.77
499,3,1.66
499,4,2.06
499,5,2.72
499,6,3.27
499,7,3.43
499,8,4.02
499,9,4.3
499,10,4.96
499,11,5.07
499,12,6.04
500,1,0.29
500,2,0.6
500,3,0.8
500,4,1.24
500,5,1.71
500,6,2.23
500,7,2.63
500,8,3.45
500,9,4.12
500,10,4.95
500,11,5.08
500,12,5.86
501,1,0.17
501,2,0.74
501,3,1.32
501,4,1.75
501,5,2.2
501,6,2.65
501,7,2.91
501,8,3.88
501,9,4.46
501,10,5.09
501,11,5.55
501,12,6.15
502,1,0.15
502,2,0.99
502,3,1.1
502,4,1.68
502,5,2.57
502,6,3.06
502,7,3.47
502,8,3.91
502,9,4.49
502,10,5.17
502,11,5.29
502,12,5.61
503,1,0.81
503,2,1.58
503,3,1.76
503,4,2.2
503,5,2.65
503,6,3.31
503,7,4.27
503,8,4.45
503,9,5.25
503,10,5.7
503,11,6.09
503,12,6.65
504,1,0.27
504,2,1.19
504,3,1.36
504,4,2.17
504,5,2.96
504,6,3.87
504,7,4.23
504,8,4.78
504,9,4.89
504,10,5.48
504,11,5.59
504,12,6.43
505,1,0.52
505,2,0.85
505,3,1.71
505,4,2.32
505,5,3.04
505,6,3.56
505,7,4.13
505,8,5.1
505,9,5.88
505,10,6.73
505,11,6.97
505,12,7.74
506,1,0.31
506,2,0.81
506,3,1.64
506,4,2.21
506,5,2.83
506,6,3.06
506,7,3.65
506,8,3.95
506,9,4.64
506,10,5.4
506,11,6.23
506,12,6.93
507,1,0.39
507,2,1.3
507,3,2.19
507,4,3.06
507,5,3.7
507,6,4.1
507,7,4.84
507,8,5.74
507,9,6.01
507,10,6.16
507,11,6.37
507,12,7.13
508,1,0.38
508,2,0.83
508,3,1.6
508,4,2.31
508,5,3.11
508,6,3.59
508,7,4.15
508,8,4.97
508,9,5.4
508,10,6.06
508,11,6.53
508,12,7.01
509,1,0.14
509,2,0.33
509,3,0.89
509,4,1.06
509,5,1.33
509,6,1.81
509,7,2.42
509,8,2.72
509,9,2.9
509,10,3.4
509,11,3.67
509,12,4.58
510,1,0.97
510,2,1.56
510,3,1.97
510,4,2.55
510,5,2.87
510,6,3.47
510,7,4.12
510,8,4.61
510,9,5.35
510,10,6.01
510,11,6.16
510,12,6.36
511,1,0.69
511,2,1.53
511,3,1.84
511,4,2.12
511,5,3.09
511,6,3.56
511,7,4.2
511,8,4.47
511,9,4.85
511,10,5.11
511,11,5.96
511,12,6.29
512,1,0.27
512,2,0.69
512,3,1.18
512,4,1.96
512,5,2.21
512,6,3.09
512,7,3.47
512,8,3.84
512,9,4.05
512,10,4.21
512,11,4.87
512,12,5.34
513,1,0.43
513,2,0.69
513,3,1.33
513,4,2.1
513,5,2.89
513,6,3.57
513,7,4.06
513,8,4.29
513,9,4.61
513,10,5.06
513,11,5.86
513,12,6.24
514,1,0.77
514,2,1.65
514,3,2.34
514,4,2.48
514,5,2.93
514,6,3.54
514,7,3.69
514,8,3.81
514,9,4.58
514,10,5.27
514,11,5.71
514,12,6.29
515,1,0.48
515,2,0.85
515,3,1.15
515,4,2.04
515,5,3.01
515,6,3.62
515,7,3.91
515,8,4.33
515,9,5.01
515,10,5.54
515,11,5.7
515,12,6.41
516,1,0.2
516,2,1.05
516,3,1.92
516,4,2.58
516,5,3.06
516,6,3.37
516,7,3.48
516,8,4.18
516,9,4.35
516,10,5.1
516,11,5.79
516,12,6.63
517,1,0.7
517,2,0.98
517,3,1.24
517,4,1.36
517,5,2.24
517,6,2.77
517,7,3.25
517,8,3.59
517,9,3.89
517,10,4.85
517,11,5.43
517,12,5.89
518,1,0.96
518,2,1.23
518,3,1.35
518,4,2.09
518,5,2.42
518,6,2.63
518,7,3.08
518,8,3.63
518,9,4.26
518,10,5.0
518,11,5.75
518,12,6.09
519,1,0.35
519,2,1.28
519,3,1.67
519,4,2.62
519,5,2.81
519,6,2.97
519,7,3.45
519,8,4.18
519,9,4.92
519,10,5.53
519,11,5.7
519,12,5.85
520,1,0.37
520,2,0.69
520,3,1.12
520,4,1.7
520,5,2.26
520,6,2.56
520,7,3.51
520,8,4.27
520,9,5.22
520,10,5.66
520,11,6.58
520,12,7.53
521,1,0.47
521,2,1.22
521,3,1.78
521,4,2.42
521,5,2.57
521,6,2.69
521,7,3.21
521,8,3.73
521,9,4.04
521,10,4.58
521,11,5.07
521,12,5.61
522,1,0.84
522,2,1.69
522,3,2.02
522,4,2.56
522,5,2.96
522,6,3.52
522,7,4.37
522,8,4.79
522,9,5.29
522,10,5.63
522,11,6.52
522,12,7.28
523,1,0.78
523,2,1.1
523,3,1.69
523,4,2.11
523,5,2.66
523,6,3.59
523,7,4.24
523,8,4.49
523,9,4.63
523,10,4.96
523,11,5.81
523,12,5.95
524,1,0.78
524,2,1.48
524,3,1.98
524,4,2.78
524,5,3.45
524,6,3.78
524,7,4.32
524,8,4.87
524,9,4.97
524,10,5.18
524,11,5.94
524,12,6.42
525,1,0.14
525,2,0.71
525,3,1.49
525,4,2.0
525,5,2.79
525,6,3.71
525,7,4.69
525,8,4.99
525,9,5.7
525,10,6.32
525,11,7.18
525,12,7.95
526,1,0.49
526,2,1.26
526,3,1.73
526,4,1.84
526,5,1.96
526,6,2.72
526,7,3.04
526,8,3.56
526,9,4.18
526,10,4.49
526,11,5.45
526,12,6.2
527,1,0.39
527,2,1.14
527,3,1.99
527,4,2.86
527,5,3.47
527,6,4.38
527,7,5.03
527,8,5.73
527,9,6.02
527,10,6.79
527,11,7.45
527,12,7.56
528,1,0.74
528,2,1.03
528,3,1.92
528,4,2.22
528,5,2.7
528,6,3.61
528,7,3.77
528,8,4.75
528,9,5.19
528,10,5.73
528,11,6.05
528,12,6.86
529,1,0.92
529,2,1.41
529,3,2.09
529,4,3.05
529,5,3.2
529,6,3.85
529,7,4.66
529,8,5.03
529,9,5.43
529,10,5.64
529,11,5.89
529,12,6.44
530,1,0.93
530,2,1.54
530,3,1.89
530,4,1.99
530,5,2.48
530,6,2.86
530,7,3.11
530,8,3.78
530,9,4.39
530,10,4.57
530,11,5.29
530,12,5.69
531,1,0.88
531,2,1.32
531,3,1.87
531,4,2.68
531,5,3.42
531,6,4.22
531,7,4.38
531,8,5.3
531,9,6.14
531,10,6.57
531,11,7.31
531,12,7.47
532,1,0.19
532,2,0.73
532,3,1.31
532,4,1.8
532,5,2.18
532,6,3.1
532,7,3.79
532,8,3.99
532,9,4.37
532,10,4.83
532,11,5.7
532,12,6.16
533,1,0.25
533,2,0.6
533,3,0.88
533,4,1.79
533,5,2.05
533,6,2.82
533,7,3.72
533,8,4.46
533,9,5.12
533,10,5.65
533,11,6.4
533,12,6.79
534,1,0.3
534,2,0.82
534,3,1.26
534,4,1.7
534,5,2.59
534,6,3.06
534,7,3.84
534,8,4.13
534,9,4.36
534,10,4.54
534,11,5.2
534,12,5.93
535,1,0.34
535,2,0.93
535,3,1.1
535,4,1.97
535,5,2.5
535,6,3.1
535,7,3.64
535,8,4.52
535,9,5.41
535,10,6.11
535,11,6.3
535,12,6.99
536,1,0.16
536,2,0.78
536,3,1.32
536,4,2.03
536,5,2.55
536,6,3.01
536,7,3.24
536,8,4.06
536,9,4.93
536,10,5.49
536,11,6.15
536,12,6.69
537,1,0.9
537,2,1.43
537,3,1.55
537,4,2.17
537,5,2.27
537,6,2.52
537,7,2.81
537,8,3.44
537,9,3.56
537,10,4.05
537,11,5.02
537,12,5.25
538,1,0.53
538,2,1.47
538,3,1.68
538,4,1.95
538,5,2.84
538,6,3.37
538,7,3.75
538,8,4.32
538,9,5.04
538,10,5.23
538,11,5.7
538,12,6.1
539,1,0.44
539,2,1.19
539,3,2.03
539,4,2.87
539,5,3.36
539,6,3.51
539,7,3.94
539,8,4.14
539,9,4.82
539,10,5.79
539,11,6.28
539,12,7.11
540,1,0.44
540,2,0.63
540,3,1.01
540,4,1.96
540,5,2.52
540,6,3.14
540,7,3.59
540,8,4.26
540,9,5.15
540,10,5.7
540,11,6.14
540,12,6.93
541,1,0.18
541,2,0.93
541,3,1.09
541,4,1.33
541,5,1.63
541,6,2.36
541,7,3.13
541,8,4.06
541,9,4.76
541,10,4.89
541,11,5.1
541,12,5.76
542,1,0.82
542,2,1.5
542,3,2.38
542,4,2.68
542,5,3.36
542,6,4.24
542,7,4.82
542,8,5.41
542,9,5.76
542,10,6.42
542,11,6.84
542,12,7.21
543,1,0.85
543,2,1.76
543,3,2.31
543,4,2.68
543,5,3.6
543,6,3.95
543,7,4.79
543,8,5.15
543,9,5.92
543,10,6.57
543,11,7.48
543,12,7.73
544,1,0.53
544,2,1.44
544,3,2.13
544,4,2.61
544,5,2.98
544,6,3.74
544,7,4.2
544,8,4.79
544,9,4.95
544,10,5.9
544,11,6.88
544,12,7.16
545,1,0.62
545,2,0.83
545,3,1.2
545,4,1.37
545,5,2.23
545,6,3.02
545,7,3.77
545,8,4.05
545,9,4.33
545,10,5.13
545,11,6.07
545,12,6.75
546,1,0.84
546,2,1.39
546,3,2.02
546,4,2.38
546,5,2.73
546,6,3.33
546,7,3.48
546,8,4.42
546,9,4.54
546,10,4.9
546,11,5.7
546,12,6.0
547,1,0.63
547,2,0.83
547,3,1.76
547,4,1.94
547,5,2.46
547,6,3.14
547,7,3.62
547,8,4.53
547,9,5.25
547,10,5.97
547,11,6.79
547,12,7.04
548,1,0.93
548,2,1.1
548,3,1.34
548,4,2.13
548,5,2.51
548,6,3.2
548,7,3.74
548,8,3.86
548,9,4.07
548,10,4.21
548,11,4.44
548,12,4.79
549,1,0.97
549,2,1.4
549,3,2.29
549,4,2.45
549,5,3.13
549,6,3.34
549,7,3.57
549,8,4.02
549,9,4.34
549,10,4.63
549,11,5.09
549,12,5.33
550,1,0.63
550,2,0.87
550,3,1.84
550,4,1.97
550,5,2.43
550,6,2.84
550,7,3.26
550,8,3.72
550,9,4.38
550,10,5.04
550,11,5.83
550,12,5.97
551,1,0.26
551,2,1.22
551,3,1.7
551,4,1.86
551,5,2.0
551,6,2.89
551,7,3.85
551,8,4.75
551,9,5.71
551,10,6.58
551,11,7.1
551,12,8.05
552,1,0.3
552,2,0.85
552,3,1.41
552,4,2.15
552,5,3.11
552,6,3.89
552,7,4.38
552,8,4.7
552,9,4.98
552,10,5.16
552,11,5.35
552,12,6.02
553,1,0.16
553,2,0.85
553,3,1.72
553,4,2.31
553,5,3.15
553,6,3.86
553,7,4.32
553,8,4.51
553,9,4.66
553,10,5.39
553,11,6.23
553,12,6.81
554,1,0.54
554,2,1.06
554,3,1.45
554,4,2.25
554,5,3.02
554,6,3.43
554,7,4.05
554,8,4.25
554,9,4.9
554,10,5.38
554,11,5.68
554,12,5.96
555,1,0.55
555,2,0.7
555,3,1.37
555,4,1.53
555,5,1.94
555,6,2.11
555,7,2.96
555,8,3.93
555,9,4.8
555,10,5.56
555,11,5.67
555,12,5.81
556,1,0.11
556,2,1.01
556,3,1.72
556,4,1.88
556,5,2.48
556,6,2.84
556,7,3.32
556,8,3.7
556,9,4.18
556,10,4.58
556,11,5.2
556,12,6.0
557,1,0.27
557,2,0.76
557,3,0.86
557,4,1.43
557,5,1.9
557,6,2.82
557,7,2.97
557,8,3.93
557,9,4.4
557,10,4.68
557,11,4.85
557,12,5.07
558,1,0.85
558,2,1.51
558,3,1.76
558,4,2.27
558,5,3.22
558,6,3.48
558,7,4.45
558,8,4.92
558,9,5.81
558,10,6.0
558,11,6.86
558,12,7.2
559,1,0.1
559,2,0.28
559,3,0.51
559,4,1.21
559,5,1.96
559,6,2.83
559,7,3.73
559,8,4.44
559,9,5.4
559,10,6.38
559,11,6.59
559,12,7.03
560,1,0.24
560,2,0.54
560,3,0.76
560,4,1.72
560,5,2.69
560,6,2.99
560,7,3.22
560,8,3.4
560,9,4.13
560,10,4.95
560,11,5.43
560,12,5.55
561,1,0.72
561,2,1.25
561,3,2.23
561,4,3.2
561,5,3.4
561,6,3.98
561,7,4.25
561,8,4.87
561,9,5.57
561,10,6.15
561,11,6.41
561,12,7.03
562,1,0.27
562,2,0.67
562,3,1.21
562,4,1.9
562,5,2.22
562,6,3.11
562,7,3.86
562,8,4.35
562,9,5.25
562,10,6.11
562,11,6.67
562,12,6.89
563,1,0.39
563,2,1.03
563,3,1.24
563,4,1.79
563,5,2.36
563,6,3.09
563,7,3.38
563,8,3.58
563,9,4.11
563,10,4.38
563,11,4.6
563,12,5.15
564,1,0.66
564,2,0.96
564,3,1.22
564,4,1.93
564,5,2.43
564,6,2.8
564,7,3.58
564,8,4.45
564,9,4.96
564,10,5.39
564,11,5.76
564,12,6.57
565,1,0.12
565,2,1.03
565,3,1.74
565,4,2.26
565,5,2.67
565,6,2.93
565,7,3.89
565,8,4.79
565,9,5.26
565,10,6.09
565,11,6.22
565,12,6.74
566,1,0.8
566,2,1.03
566,3,1.7
566,4,2.31
566,5,3.24
566,6,3.58
566,7,3.77
566,8,4.47
566,9,5.33
566,10,5.84
566,11,6.43
566,12,6.98
567,1,0.47
567,2,1.23
567,3,1.97
567,4,2.68
567,5,3.58
567,6,3.68
567,7,4.51
567,8,5.44
567,9,6.2
567,10,6.56
567,11,7.1
567,12,7.44
568,1,0.53
568,2,0.96
568,3,1.46
568,4,1.96
568,5,2.2
568,6,2.65
568,7,3.55
568,8,4.15
568,9,4.55
568,10,5.05
568,11,5.37
568,12,5.71
569,1,0.93
569,2,1.67
569,3,1.87
569,4,2.77
569,5,3.2
569,6,3.82
569,7,4.74
569,8,5.09
569,9,5.97
569,10,6.86
569,11,7.32
569,12,7.56
570,1,0.87
570,2,1.02
570,3,1.2
570,4,1.42
570,5,1.83
570,6,2.63
570,7,3.06
570,8,3.91
570,9,4.67
570,10,4.81
570,11,5.44
570,12,6.33
571,1,0.54
571,2,1.15
571,3,1.45
571,4,2.43
571,5,3.14
571,6,3.66
571,7,4.58
571,8,5.26
571,9,5.39
571,10,5.67
571,11,6.52
571,12,6.86
572,1,0.6
572,2,1.43
572,3,2.02
572,4,2.23
572,5,3.06
572,6,3.96
572,7,4.39
572,8,4.6
572,9,5.05
572,10,5.15
572,11,5.88
572,12,6.48
573,1,0.62
573,2,0.94
573,3,1.51
573,4,1.63
573,5,2.32
573,6,3.1
573,7,3.73
573,8,4.69
573,9,5.08
573,10,5.88
573,11,6.84
573,12,7.23
574,1,0.19
574,2,0.8
574,3,1.43
574,4,1.89
574,5,2.04
574,6,2.96
574,7,3.42
574,8,4.21
574,9,4.45
574,10,5.41
574,11,6.29
574,12,6.45
575,1,0.67
575,2,0.81
575,3,1.77
575,4,2.4
575,5,2.92
575,6,3.11
575,7,4.03
575,8,4.68
575,9,5.0
575,10,5.22
575,11,6.1
575,12,6.6
576,1,0.97
576,2,1.3
576,3,1.89
576,4,2.48
576,5,2.85
576,6,3.45
576,7,3.87
576,8,4.15
576,9,4.94
576,10,5.67
576,11,6.09
576,12,6.94
577,1,0.38
577,2,1.35
577,3,1.5
577,4,1.86
577,5,2.61
577,6,3.32
577,7,3.93
577,8,4.15
577,9,4.71
577,10,5.15
577,11,5.94
577,12,6.44
578,1,0.1
578,2,0.72
578,3,1.04
578,4,1.23
578,5,2.04
578,6,2.62
578,7,3.2
578,8,3.42
578,9,4.01
578,10,4.88
578,11,5.85
578,12,6.38
579,1,0.41
579,2,1.32
579,3,1.93
579,4,2.91
579,5,3.49
579,6,4.31
579,7,4.96
579,8,5.66
579,9,5.81
579,10,6.29
579,11,7.0
579,12,7.4
580,1,0.51
580,2,1.09
580,3,1.92
580,4,2.1
580,5,2.47
580,6,3.06
580,7,3.25
580,8,4.05
580,9,4.88
580,10,5.01
580,11,5.85
580,12,6.13
581,1,0.24
581,2,0.36
581,3,0.71
581,4,0.96
581,5,1.43
581,6,1.91
581,7,2.15
581,8,3.11
581,9,3.42
581,10,4.2
581,11,4.82
581,12,5.18
582,1,0.17
582,2,1.02
582,3,1.28
582,4,1.82
582,5,2.51
582,6,3.41
582,7,4.04
582,8,4.31
582,9,5.07
582,10,5.77
582,11,6.02
582,12,6.4
583,1,0.62
583,2,1.29
583,3,1.53
583,4,2.4
583,5,2.99
583,6,3.29
583,7,3.69
583,8,4.34
583,9,4.58
583,10,5.33
583,11,5.7
583,12,6.49
584,1,0.17
584,2,0.96
584,3,1.46
584,4,2.07
584,5,2.74
584,6,3.0
584,7,3.51
584,8,3.78
584,9,4.08
584,10,4.54
584,11,4.73
584,12,5.03
585,1,0.38
585,2,0.67
585,3,1.51
585,4,1.73
585,5,1.87
585,6,2.03
585,7,2.21
585,8,2.86
585,9,3.74
585,10,4.65
585,11,4.96
585,12,5.07
586,1,0.28
586,2,0.84
586,3,1.67
586,4,2.26
586,5,2.41
586,6,3.23
586,7,3.88
586,8,4.13
586,9,4.34
586,10,4.99
586,11,5.75
586,12,6.51
587,1,0.79
587,2,1.26
587,3,2.18
587,4,3.12
587,5,3.3
587,6,3.46
587,7,3.95
587,8,4.61
587,9,5.0
587,10,5.89
587,11,6.03
587,12,6.44
588,1,0.14
588,2,0.76
588,3,1.36
588,4,1.52
588,5,2.17
588,6,2.67
588,7,3.05
588,8,3.18
588,9,3.98
588,10,4.63
588,11,4.8
588,12,5.51
589,1,0.83
589,2,1.68
589,3,2.55
589,4,2.67
589,5,3.38
589,6,3.57
589,7,4.4
589,8,5.13
589,9,5.53
589,10,6.37
589,11,6.56
589,12,6.81
590,1,0.54
590,2,1.32
590,3,2.24
590,4,2.39
590,5,2.94
590,6,3.39
590,7,4.19
590,8,4.46
590,9,4.61
590,10,5.13
590,11,5.72
590,12,6.2
591,1,0.62
591,2,0.96
591,3,1.9
591,4,2.43
591,5,3.31
591,6,3.51
591,7,3.69
591,8,4.03
591,9,4.22
591,10,4.43
591,11,4.86
591,12,5.43
592,1,0.8
592,2,1.0
592,3,1.53
592,4,2.29
592,5,2.44
592,6,3.04
592,7,3.63
592,8,4.42
592,9,4.78
592,10,5.51
592,11,5.91
592,12,6.53
593,1,0.82
593,2,1.32
593,3,2.19
593,4,3.13
593,5,3.89
593,6,4.25
593,7,5.11
593,8,5.75
593,9,6.39
593,10,6.53
593,11,6.79
593,12,7.09
594,1,0.27
594,2,1.01
594,3,1.74
594,4,2.26
594,5,2.37
594,6,3.14
594,7,3.96
594,8,4.8
594,9,5.68
594,10,6.27
594,11,6.68
594,12,7.14
595,1,0.91
595,2,1.33
595,3,2.17
595,4,3.01
595,5,3.97
595,6,4.89
595,7,5.58
595,8,6.14
595,9,6.53
595,10,7.11
595,11,7.3
595,12,7.72
596,1,0.49
596,2,0.67
596,3,1.63
596,4,2.11
596,5,2.61
596,6,3.12
596,7,4.09
596,8,4.57
596,9,4.79
596,10,5.68
596,11,5.84
596,12,6.69
597,1,0.72
597,2,0.91
597,3,1.04
597,4,1.29
597,5,2.05
597,6,2.37
597,7,2.88
597,8,3.79
597,9,4.53
597,10,4.84
597,11,5.28
597,12,5.5
598,1,0.54
598,2,0.92
598,3,1.74
598,4,2.25
598,5,2.37
598,6,3.1
598,7,4.02
598,8,4.69
598,9,5.28
598,10,6.16
598,11,7.06
598,12,7.54
599,1,0.1
599,2,0.92
599,3,1.29
599,4,1.62
599,5,2.13
599,6,2.5
599,7,3.26
599,8,3.62
599,9,4.18
599,10,4.5
599,11,5.41
599,12,5.72
600,1,0.62
600,2,0.96
600,3,1.71
600,4,1.96
600,5,2.41
600,6,2.87
600,7,3.16
600,8,4.04
600,9,4.22
600,10,5.17
600,11,5.72
600,12,6.45
601,1,0.3
601,2,1.17
601,3,1.47
601,4,1.82
601,5,2.53
601,6,3.17
601,7,3.53
601,8,3.7
601,9,4.6
601,10,5.49
601,11,6.09
601,12,6.93
602,1,0.64
602,2,1.14
602,3,1.66
602,4,2.35
602,5,2.53
602,6,2.95
602,7,3.59
602,8,4.53
602,9,5.2
602,10,5.4
602,11,6.21
602,12,6.33
603,1,0.17
603,2,0.36
603,3,0.67
603,4,1.62
603,5,2.52
603,6,3.21
603,7,3.74
603,8,4.22
603,9,5.03
603,10,5.6
603,11,6.28
603,12,7.06
604,1,0.68
604,2,1.24
604,3,2.08
604,4,2.33
604,5,3.18
604,6,3.32
604,7,3.47
604,8,4.25
604,9,5.19
604,10,5.41
604,11,5.79
604,12,6.15
605,1,0.81
605,2,0.96
605,3,1.62
605,4,2.47
605,5,3.4
605,6,4.05
605,7,4.17
605,8,5.15
605,9,5.48
605,10,6.2
605,11,6.88
605,12,6.98
606,1,0.87
606,2,1.73
606,3,2.2
606,4,2.79
606,5,3.71
606,6,4.6
606,7,5.41
606,8,6.16
606,9,6.91
606,10,7.76
606,11,8.32
606,12,9.07
607,1,0.5
607,2,1.0
607,3,1.59
607,4,1.71
607,5,2.39
607,6,2.71
607,7,2.91
607,8,3.03
607,9,4.01
607,10,4.83
607,11,5.29
607,12,5.98
608,1,0.93
608,2,1.46
608,3,2.44
608,4,2.71
608,5,3.24
608,6,3.89
608,7,4.66
608,8,4.79
608,9,5.63
608,10,6.02
608,11,6.31
608,12,7.15
609,1,0.77
609,2,0.97
609,3,1.58
609,4,1.97
609,5,2.81
609,6,3.37
609,7,3.85
609,8,4.34
609,9,4.66
609,10,5.09
609,11,5.87
609,12,6.01
610,1,0.28
610,2,0.59
610,3,1.09
610,4,1.99
610,5,2.76
610,6,3.12
610,7,3.46
610,8,3.98
610,9,4.83
610,10,5.73
610,11,6.14
610,12,6.43
611,1,0.51
611,2,0.9
611,3,1.64
611,4,2.54
611,5,2.64
611,6,2.97
611,7,3.52
611,8,4.4
611,9,4.63
611,10,5.2
611,11,6.02
611,12,6.19
612,1,0.13
612,2,0.86
612,3,1.65
612,4,1.84
612,5,2.22
612,6,2.44
612,7,3.36
612,8,3.61
612,9,4.13
612,10,5.04
612,11,5.82
612,12,6.52
613,1,0.6
613,2,1.32
613,3,1.85
613,4,2.55
613,5,2.74
613,6,3.5
613,7,3.98
613,8,4.6
613,9,5.57
613,10,5.79
613,11,5.9
613,12,6.03
614,1,0.84
614,2,1.35
614,3,1.82
614,4,2.74
614,5,3.29
614,6,4.1
614,7,4.76
614,8,5.37
614,9,5.99
614,10,6.21
614,11,7.09
614,12,7.38
615,1,0.65
615,2,0.85
615,3,0.95
615,4,1.86
615,5,2.52
615,6,2.68
615,7,3.21
615,8,3.48
615,9,4.46
615,10,4.85
615,11,5.35
615,12,6.24
616,1,0.15
616,2,0.85
616,3,1.56
616,4,2.02
616,5,2.75
616,6,3.27
616,7,3.73
616,8,4.27
616,9,4.81
616,10,5.37
616,11,5.92
616,12,6.72
617,1,0.31
617,2,0.82
617,3,1.24
617,4,1.36
617,5,1.52
617,6,2.23
617,7,2.4
617,8,3.33
617,9,3.73
617,10,3.88
617,11,4.37
617,12,4.94
618,1,0.6
618,2,1.24
618,3,2.04
618,4,2.56
618,5,3.13
618,6,3.96
618,7,4.84
618,8,5.17
618,9,5.32
618,10,5.9
618,11,6.17
618,12,7.09
619,1,0.34
619,2,0.62
619,3,0.77
619,4,1.65
619,5,2.2
619,6,2.9
619,7,3.75
619,8,4.37
619,9,5.31
619,10,5.46
619,11,5.96
619,12,6.15
620,1,0.37
620,2,0.85
620,3,1.59
620,4,1.91
620,5,2.44
620,6,2.53
620,7,2.8
620,8,3.55
620,9,3.71
620,10,4.18
620,11,4.73
620,12,4.97
621,1,0.11
621,2,1.05
621,3,1.33
621,4,2.07
621,5,2.51
621,6,3.39
621,7,3.69
621,8,3.79
621,9,4.0
621,10,4.94
621,11,5.76
621,12,6.37
622,1,0.56
622,2,1.06
622,3,1.28
622,4,1.61
622,5,2.51
622,6,2.97
622,7,3.9
622,8,4.69
622,9,4.98
622,10,5.79
622,11,6.32
622,12,6.99
623,1,0.43
623,2,0.62
623,3,0.8
623,4,1.53
623,5,2.09
623,6,2.57
623,7,2.89
623,8,3.17
623,9,4.07
623,10,4.97
623,11,5.73
623,12,5.92
624,1,0.93
624,2,1.7
624,3,2.1
624,4,2.35
624,5,2.85
624,6,3.56
624,7,4.01
624,8,4.33
624,9,4.8
624,10,5.66
624,11,6.14
624,12,7.0
625,1,0.42
625,2,0.74
625,3,1.08
625,4,1.74
625,5,2.57
625,6,3.18
625,7,3.84
625,8,4.13
625,9,4.61
625,10,5.22
625,11,5.72
625,12,6.19
626,1,0.42
626,2,0.95
626,3,1.11
626,4,1.93
626,5,2.65
626,6,3.01
626,7,3.59
626,8,4.44
626,9,4.92
626,10,5.8
626,11,5.96
626,12,6.37
627,1,0.83
627,2,1.71
627,3,2.52
627,4,2.74
627,5,3.43
627,6,4.37
627,7,5.33
627,8,6.04
627,9,6.68
627,10,7.0
627,11,7.96
627,12,8.52
628,1,0.31
628,2,0.93
628,3,1.64
628,4,1.78
628,5,2.57
628,6,3.11
628,7,3.71
628,8,4.19
628,9,4.93
628,10,5.18
628,11,5.29
628,12,6.1
629,1,0.17
629,2,1.08
629,3,1.24
629,4,2.17
629,5,2.3
629,6,2.96
629,7,3.26
629,8,3.71
629,9,4.26
629,10,5.12
629,11,5.47
629,12,6.1
630,1,0.63
630,2,1.16
630,3,1.44
630,4,1.96
630,5,2.3
630,6,2.83
630,7,3.07
630,8,3.43
630,9,3.92
630,10,4.85
630,11,5.45
630,12,5.84
631,1,0.85
631,2,1.19
631,3,1.95
631,4,2.43
631,5,2.75
631,6,2.99
631,7,3.49
631,8,3.94
631,9,4.27
631,10,5.17
631,11,5.42
631,12,6.0
632,1,0.52
632,2,0.71
632,3,0.89
632,4,1.85
632,5,2.47
632,6,3.3
632,7,3.65
632,8,4.02
632,9,4.69
632,10,5.28
632,11,5.89
632,12,6.17
633,1,0.83
633,2,1.17
633,3,1.3
633,4,1.41
633,5,1.65
633,6,2.35
633,7,3.28
633,8,4.23
633,9,5.15
633,10,5.89
633,11,6.22
633,12,7.18
634,1,0.93
634,2,1.18
634,3,1.31
634,4,1.61
634,5,2.55
634,6,2.98
634,7,3.12
634,8,3.26
634,9,4.05
634,10,4.31
634,11,4.53
634,12,5.17
635,1,0.63
635,2,1.28
635,3,1.73
635,4,2.25
635,5,2.63
635,6,2.84
635,7,3.48
635,8,4.08
635,9,4.37
635,10,4.56
635,11,5.08
635,12,6.04
636,1,0.63
636,2,0.77
636,3,1.31
636,4,1.67
636,5,1.88
636,6,2.64
636,7,3.41
636,8,3.78
636,9,4.03
636,10,4.5
636,11,4.86
636,12,5.76
637,1,0.77
637,2,0.93
637,3,1.49
637,4,1.6
637,5,1.9
637,6,2.23
637,7,2.73
637,8,3.44
637,9,3.91
637,10,4.67
637,11,5.29
637,12,5.87
638,1,0.33
638,2,0.64
638,3,0.8
638,4,1.57
638,5,2.01
638,6,2.55
638,7,2.65
638,8,3.35
638,9,3.59
638,10,4.19
638,11,4.32
638,12,4.53
639,1,0.44
639,2,0.89
639,3,1.26
639,4,1.66
639,5,2.1
639,6,2.73
639,7,3.69
639,8,4.66
639,9,5.29
639,10,6.06
639,11,6.57
639,12,7.53
640,1,0.82
640,2,0.97
640,3,1.93
640,4,2.09
640,5,2.51
640,6,2.63
640,7,3.25
640,8,3.56
640,9,4.05
640,10,4.25
640,11,4.43
640,12,5.37
641,1,0.93
641,2,1.04
641,3,1.88
641,4,2.62
641,5,2.93
641,6,3.87
641,7,4.43
641,8,5.05
641,9,5.26
641,10,5.84
641,11,6.67
641,12,6.92
642,1,0.21
642,2,0.44
642,3,0.75
642,4,1.44
642,5,2.18
642,6,2.35
642,7,2.93
642,8,3.46
642,9,4.34
642,10,5.14
642,11,5.29
642,12,5.82
643,1,0.29
643,2,0.52
643,3,0.76
643,4,1.65
643,5,2.3
643,6,2.59
643,7,3.53
643,8,4.2
643,9,4.64
643,10,5.58
643,11,6.23
643,12,6.52
644,1,0.43
644,2,1.38
644,3,1.99
644,4,2.33
644,5,2.56
644,6,3.38
644,7,3.62
644,8,3.84
644,9,4.73
644,10,5.08
644,11,5.6
644,12,6.14
645,1,0.32
645,2,0.63
645,3,0.99
645,4,1.3
645,5,1.95
645,6,2.09
645,7,2.97
645,8,3.67
645,9,3.95
645,10,4.17
645,11,4.85
645,12,5.24
646,1,0.19
646,2,0.86
646,3,1.76
646,4,2.68
646,5,3.24
646,6,3.61
646,7,3.95
646,8,4.84
646,9,5.66
646,10,5.95
646,11,6.6
646,12,7.4
647,1,0.8
647,2,1.51
647,3,2.25
647,4,2.8
647,5,2.97
647,6,3.72
647,7,4.45
647,8,5.37
647,9,5.72
647,10,6.62
647,11,7.29
647,12,7.64
648,1,0.81
648,2,1.06
648,3,1.54
648,4,1.84
648,5,2.65
648,6,3.18
648,7,3.42
648,8,3.97
648,9,4.51
648,10,4.74
648,11,5.51
648,12,5.8
649,1,0.53
649,2,0.86
649,3,1.43
649,4,2.25
649,5,3.07
649,6,3.7
649,7,4.34
649,8,4.79
649,9,5.27
649,10,5.7
649,11,5.87
649,12,6.79
650,1,0.4
650,2,1.17
650,3,1.79
650,4,2.14
650,5,2.88
650,6,3.1
650,7,4.08
650,8,4.97
650,9,5.47
650,10,5.77
650,11,5.99
650,12,6.59
651,1,0.24
651,2,0.54
651,3,1.5
651,4,1.82
651,5,2.1
651,6,2.63
651,7,3.03
651,8,4.0
651,9,4.49
651,10,5.15
651,11,5.97
651,12,6.26
652,1,0.57
652,2,0.75
652,3,1.7
652,4,1.97
652,5,2.86
652,6,3.05
652,7,3.95
652,8,4.39
652,9,4.68
652,10,4.9
652,11,5.81
652,12,6.12
653,1,0.92
653,2,1.63
653,3,2.27
653,4,2.76
653,5,3.16
653,6,3.65
653,7,4.06
653,8,4.25
653,9,5.11
653,10,5.29
653,11,5.94
653,12,6.11
654,1,0.57
654,2,1.47
654,3,2.26
654,4,2.56
654,5,2.98
654,6,3.22
654,7,3.87
654,8,4.67
654,9,5.07
654,10,5.27
654,11,5.66
654,12,6.24
655,1,0.2
655,2,0.98
655,3,1.69
655,4,2.01
655,5,2.33
655,6,2.5
655,7,2.8
655,8,3.07
655,9,3.75
655,10,3.87
655,11,4.55
655,12,5.22
656,1,0.21
656,2,0.38
656,3,1.31
656,4,1.61
656,5,2.43
656,6,3.4
656,7,4.25
656,8,4.9
656,9,5.68
656,10,5.81
656,11,6.61
656,12,7.18
657,1,0.65
657,2,1.51
657,3,2.1
657,4,2.85
657,5,3.32
657,6,3.62
657,7,4.37
657,8,4.48
657,9,5.13
657,10,5.59
657,11,5.94
657,12,6.88
658,1,0.46
658,2,0.75
658,3,1.37
658,4,2.01
658,5,2.86
658,6,3.23
658,7,3.71
658,8,4.64
658,9,5.24
658,10,5.89
658,11,6.65
658,12,7.26
659,1,0.94
659,2,1.12
659,3,1.23
659,4,1.87
659,5,2.43
659,6,3.04
659,7,3.32
659,8,4.17
659,9,4.55
659,10,5.37
659,11,5.68
659,12,6.6
660,1,0.42
660,2,0.63
660,3,1.36
660,4,1.99
660,5,2.84
660,6,3.59
660,7,3.85
660,8,4.56
660,9,4.76
660,10,5.47
660,11,5.64
660,12,5.95
661,1,0.92
661,2,1.03
661,3,1.48
661,4,1.86
661,5,2.13
661,6,2.38
661,7,3.0
661,8,3.94
661,9,4.84
661,10,5.78
661,11,5.94
661,12,6.13
662,1,0.59
662,2,1.02
662,3,1.89
662,4,2.66
662,5,3.62
662,6,4.02
662,7,4.99
662,8,5.43
662,9,6.25
662,10,7.03
662,11,7.85
662,12,8.76
663,1,0.8
663,2,1.43
663,3,1.65
663,4,2.3
663,5,3.08
663,6,3.99
663,7,4.61
663,8,5.2
663,9,5.68
663,10,5.8
663,11,6.36
663,12,6.46
664,1,0.5
664,2,0.77
664,3,1.01
664,4,1.14
664,5,1.25
664,6,1.81
664,7,2.59
664,8,3.15
664,9,4.01
664,10,4.68
664,11,5.58
664,12,5.75
665,1,0.71
665,2,1.04
665,3,1.54
665,4,1.74
665,5,2.62
665,6,2.74
665,7,3.15
665,8,3.75
665,9,4.31
665,10,4.99
665,11,5.28
665,12,6.05
666,1,0.65
666,2,0.75
666,3,1.62
666,4,2.36
666,5,2.6
666,6,3.47
666,7,4.29
666,8,4.59
666,9,5.06
666,10,5.54
666,11,6.31
666,12,6.42
667,1,0.95
667,2,1.84
667,3,2.07
667,4,3.04
667,5,3.63
667,6,4.28
667,7,4.56
667,8,5.12
667,9,5.28
667,10,6.12
667,11,6.94
667,12,7.12
668,1,0.18
668,2,0.6
668,3,0.78
668,4,1.69
668,5,2.64
668,6,3.48
668,7,4.11
668,8,4.92
668,9,5.28
668,10,5.8
668,11,5.92
668,12,6.84
669,1,0.66
669,2,1.37
669,3,1.98
669,4,2.67
669,5,3.6
669,6,4.43
669,7,4.89
669,8,5.79
669,9,6.47
669,10,6.78
669,11,7.73
669,12,7.88
670,1,0.94
670,2,1.33
670,3,1.49
670,4,2.23
670,5,3.02
670,6,3.74
670,7,4.09
670,8,4.3
670,9,4.59
670,10,4.97
670,11,5.78
670,12,6.02
671,1,0.17
671,2,1.05
671,3,1.57
671,4,2.27
671,5,2.94
671,6,3.34
671,7,3.86
671,8,4.29
671,9,4.52
671,10,4.82
671,11,5.03
671,12,5.81
672,1,0.9
672,2,1.32
672,3,1.93
672,4,2.27
672,5,2.64
672,6,3.51
672,7,3.84
672,8,4.13
672,9,4.66
672,10,5.57
672,11,6.37
672,12,7.05
673,1,0.35
673,2,0.96
673,3,1.8
673,4,2.77
673,5,2.88
673,6,3.85
673,7,4.29
673,8,4.77
673,9,5.32
673,10,6.25
673,11,7.04
673,12,7.76
674,1,0.29
674,2,0.42
674,3,0.94
674,4,1.45
674,5,1.68
674,6,2.56
674,7,2.93
674,8,3.36
674,9,3.69
674,10,3.99
674,11,4.28
674,12,4.48
675,1,0.82
675,2,1.01
675,3,1.29
675,4,1.84
675,5,2.43
675,6,2.62
675,7,2.84
675,8,3.22
675,9,3.71
675,10,4.26
675,11,4.51
675,12,5.2
676,1,0.92
676,2,1.22
676,3,2.18
676,4,3.05
676,5,3.95
676,6,4.35
676,7,4.82
676,8,5.11
676,9,6.07
676,10,6.29
676,11,6.5
676,12,7.32
677,1,0.9
677,2,1.11
677,3,1.57
677,4,1.74
677,5,1.94
677,6,2.6
677,7,3.53
677,8,3.76
677,9,4.64
677,10,5.06
677,11,5.88
677,12,6.66
678,1,0.76
678,2,1.26
678,3,1.36
678,4,2.13
678,5,2.33
678,6,2.99
678,7,3.4
678,8,3.6
678,9,3.93
678,10,4.29
678,11,4.5
678,12,5.07
679,1,0.3
679,2,0.94
679,3,1.77
679,4,2.69
679,5,3.56
679,6,4.28
679,7,4.87
679,8,5.19
679,9,5.37
679,10,6.0
679,11,6.33
679,12,6.81
680,1,0.55
680,2,1.32
680,3,1.55
680,4,2.38
680,5,3.06
680,6,3.8
680,7,4.32
680,8,5.07
680,9,5.47
680,10,6.12
680,11,6.31
680,12,7.13
681,1,0.47
681,2,1.41
681,3,2.13
681,4,2.6
681,5,2.83
681,6,3.36
681,7,4.16
681,8,4.86
681,9,5.77
681,10,6.73
681,11,7.12
681,12,7.82
682,1,0.5
682,2,0.97
682,3,1.76
682,4,2.35
682,5,3.26
682,6,3.68
682,7,4.37
682,8,5.03
682,9,5.16
682,10,5.74
682,11,5.98
682,12,6.82
683,1,0.5
683,2,0.86
683,3,1.49
683,4,2.25
683,5,3.22
683,6,3.8
683,7,4.19
683,8,4.54
683,9,4.92
683,10,5.35
683,11,5.7
683,12,6.51
684,1,0.68
684,2,1.66
684,3,1.79
684,4,1.99
684,5,2.51
684,6,2.95
684,7,3.27
684,8,4.18
684,9,5.03
684,10,5.99
684,11,6.73
684,12,7.29
685,1,0.3
685,2,0.51
685,3,0.84
685,4,1.71
685,5,1.85
685,6,2.2
685,7,2.96
685,8,3.25
685,9,4.12
685,10,4.36
685,11,5.03
685,12,5.69
686,1,0.96
686,2,1.77
686,3,2.59
686,4,2.81
686,5,3.6
686,6,4.1
686,7,4.68
686,8,5.56
686,9,6.37
686,10,6.51
686,11,7.24
686,12,7.38
687,1,0.13
687,2,0.4
687,3,0.54
687,4,1.33
687,5,1.84
687,6,2.67
687,7,3.4
687,8,4.06
687,9,4.27
687,10,4.45
687,11,4.86
687,12,5.13
688,1,0.31
688,2,0.89
688,3,1.04
688,4,1.64
688,5,2.04
688,6,2.43
688,7,3.34
688,8,3.82
688,9,4.06
688,10,4.26
688,11,4.47
688,12,4.91
689,1,0.16
689,2,0.73
689,3,1.08
689,4,1.83
689,5,1.97
689,6,2.41
689,7,3.3
689,8,3.73
689,9,4.45
689,10,4.92
689,11,5.58
689,12,6.38
690,1,0.94
690,2,1.63
690,3,2.58
690,4,3.31
690,5,3.69
690,6,4.14
690,7,4.31
690,8,5.28
690,9,5.66
690,10,6.52
690,11,7.42
690,12,8.26
691,1,0.52
691,2,0.86
691,3,1.65
691,4,1.8
691,5,2.17
691,6,2.58
691,7,2.89
691,8,3.38
691,9,4.31
691,10,5.06
691,11,5.59
691,12,5.74
692,1,0.12
692,2,0.72
692,3,1.12
692,4,2.01
692,5,2.16
692,6,2.82
692,7,3.1
692,8,3.49
692,9,4.01
692,10,4.32
692,11,4.6
692,12,5.45
693,1,0.2
693,2,0.47
693,3,0.85
693,4,1.21
693,5,1.87
693,6,2.14
693,7,3.07
693,8,3.35
693,9,3.49
693,10,3.94
693,11,4.04
693,12,4.57
694,1,0.46
694,2,0.67
694,3,1.48
694,4,2.13
694,5,2.25
694,6,2.57
694,7,2.87
694,8,3.32
694,9,4.14
694,10,4.28
694,11,4.46
694,12,5.29
695,1,0.66
695,2,1.14
695,3,1.64
695,4,2.27
695,5,2.6
695,6,3.03
695,7,3.51
695,8,3.65
695,9,4.04
695,10,4.8
695,11,5.55
695,12,6.16
696,1,0.34
696,2,1.3
696,3,2.26
696,4,2.59
696,5,3.31
696,6,3.47
696,7,4.14
696,8,4.31
696,9,4.95
696,10,5.22
696,11,5.81
696,12,6.44
697,1,0.59
697,2,0.82
697,3,1.5
697,4,1.72
697,5,2.1
697,6,3.0
697,7,3.49
697,8,3.86
697,9,4.64
697,10,5.28
697,11,5.61
697,12,6.01
698,1,0.65
698,2,1.5
698,3,2.05
698,4,2.99
698,5,3.12
698,6,3.55
698,7,3.86
698,8,4.16
698,9,4.27
698,10,4.93
698,11,5.65
698,12,6.09
699,1,0.96
699,2,1.85
699,3,2.45
699,4,2.65
699,5,3.57
699,6,4.43
699,7,4.74
699,8,5.02
699,9,5.4
699,10,6.2
699,11,6.76
699,12,7.1
700,1,0.29
700,2,0.54
700,3,1.31
700,4,1.63
700,5,1.97
700,6,2.39
700,7,2.94
700,8,3.39
700,9,4.01
700,10,4.34
700,11,5.24
700,12,6.03
701,1,0.87
701,2,1.52
701,3,1.98
701,4,2.18
701,5,3.13
701,6,3.77
701,7,4.19
701,8,4.69
701,9,5.36
701,10,5.48
701,11,6.0
701,12,6.83
702,1,0.32
702,2,0.5
702,3,1.17
702,4,2.05
702,5,3.01
702,6,3.13
702,7,3.24
702,8,3.98
702,9,4.56
702,10,5.52
702,11,5.74
702,12,6.22
703,1,0.15
703,2,0.28
703,3,0.99
703,4,1.55
703,5,1.79
703,6,2.02
703,7,2.92
703,8,3.53
703,9,4.25
703,10,4.4
703,11,4.92
703,12,5.89
704,1,0.53
704,2,1.16
704,3,1.97
704,4,2.1
704,5,2.89
704,6,3.0
704,7,3.69
704,8,3.8
704,9,4.64
704,10,5.34
704,11,6.09
704,12,6.73
705,1,0.9
705,2,1.67
705,3,2.13
705,4,2.93
705,5,3.42
705,6,4.09
705,7,4.79
705,8,5.25
705,9,5.37
705,10,5.83
705,11,6.27
705,12,6.5
706,1,0.48
706,2,0.7
706,3,1.16
706,4,1.77
706,5,1.92
706,6,2.76
706,7,2.92
706,8,3.71
706,9,4.57
706,10,5.11
706,11,5.76
706,12,6.01
707,1,0.89
707,2,1.68
707,3,2.5
707,4,2.84
707,5,3.74
707,6,4.55
707,7,5.46
707,8,6.14
707,9,6.68
707,10,7.11
707,11,7.64
707,12,8.04
708,1,0.21
708,2,0.67
708,3,1.24
708,4,1.87
708,5,2.75
708,6,3.33
708,7,3.99
708,8,4.32
708,9,4.75
708,10,5.64
708,11,6.34
708,12,7.29
709,1,0.82
709,2,1.57
709,3,2.24
709,4,3.15
709,5,3.65
709,6,4.46
709,7,5.09
709,8,5.58
709,9,5.92
709,10,6.11
709,11,6.3
709,12,6.56
710,1,0.13
710,2,1.09
710,3,1.65
710,4,2.57
710,5,3.11
710,6,3.26
710,7,4.24
710,8,5.18
710,9,5.83
710,10,6.56
710,11,6.81
710,12,7.46
711,1,0.77
711,2,1.06
711,3,1.83
711,4,2.8
711,5,3.16
711,6,3.49
711,7,3.61
711,8,4.16
711,9,4.89
711,10,5.12
711,11,5.52
711,12,6.4
712,1,0.21
712,2,1.15
712,3,1.83
712,4,2.4
712,5,2.8
712,6,3.02
712,7,3.93
712,8,4.22
712,9,5.15
712,10,5.52
712,11,5.78
712,12,6.08
713,1,0.17
713,2,1.03
713,3,1.4
713,4,2.22
713,5,2.83
713,6,3.32
713,7,4.06
713,8,4.88
713,9,5.21
713,10,5.85
713,11,6.5
713,12,7.1
714,1,0.57
714,2,1.11
714,3,1.79
714,4,2.09
714,5,2.88
714,6,3.6
714,7,3.85
714,8,4.28
714,9,4.41
714,10,5.23
714,11,5.84
714,12,6.71
715,1,0.37
715,2,1.13
715,3,1.38
715,4,1.93
715,5,2.33
715,6,2.99
715,7,3.91
715,8,4.74
715,9,5.42
715,10,6.01
715,11,6.58
715,12,7.29
716,1,0.91
716,2,1.24
716,3,1.41
716,4,1.89
716,5,2.49
716,6,2.66
716,7,3.6
716,8,4.16
716,9,4.63
716,10,4.97
716,11,5.46
716,12,5.56
717,1,0.1
717,2,0.35
717,3,1.18
717,4,1.36
717,5,1.96
717,6,2.48
717,7,3.35
717,8,3.82
717,9,4.65
717,10,5.4
717,11,5.98
717,12,6.21
718,1,0.6
718,2,1.41
718,3,1.56
718,4,1.76
718,5,2.01
718,6,2.55
718,7,2.67
718,8,3.45
718,9,4.02
718,10,4.15
718,11,5.02
718,12,5.33
719,1,0.25
719,2,0.8
719,3,1.62
719,4,2.12
719,5,2.54
719,6,3.21
719,7,3.94
719,8,4.43
719,9,4.66
719,10,5.21
719,11,6.03
719,12,6.68
720,1,0.11
720,2,0.58
720,3,1.47
720,4,2.13
720,5,2.81
720,6,3.28
720,7,4.16
720,8,4.46
720,9,5.41
720,10,6.33
720,11,6.47
720,12,6.7
721,1,0.7
721,2,1.23
721,3,1.69
721,4,2.19
721,5,2.99
721,6,3.48
721,7,3.78
721,8,4.41
721,9,5.01
721,10,5.4
721,11,6.27
721,12,6.96
722,1,0.71
722,2,1.36
722,3,1.84
722,4,2.67
722,5,3.24
722,6,3.86
722,7,4.05
722,8,4.4
722,9,5.12
722,10,5.37
722,11,6.23
722,12,6.78
723,1,0.6
723,2,1.2
723,3,1.51
723,4,2.43
723,5,3.3
723,6,3.99
723,7,4.33
723,8,4.55
723,9,5.45
723,10,5.78
723,11,6.58
723,12,7.16
724,1,0.51
724,2,1.16
724,3,1.62
724,4,2.07
724,5,2.28
724,6,2.85
724,7,3.36
724,8,4.11
724,9,4.29
724,10,4.4
724,11,5.01
724,12,5.16
725,1,0.84
725,2,1.35
725,3,1.84
725,4,2.74
725,5,3.22
725,6,3.6
725,7,4.29
725,8,5.09
725,9,5.97
725,10,6.61
725,11,7.57
725,12,7.96
726,1,0.24
726,2,0.38
726,3,0.71
726,4,1.38
726,5,1.96
726,6,2.77
726,7,2.93
726,8,3.37
726,9,3.9
726,10,4.59
726,11,5.45
726,12,6.38
727,1,0.92
727,2,1.59
727,3,1.89
727,4,2.41
727,5,3.21
727,6,3.46
727,7,4.29
727,8,5.09
727,9,5.21
727,10,6.14
727,11,6.54
727,12,7.25
728,1,0.2
728,2,0.98
728,3,1.69
728,4,1.85
728,5,2.77
728,6,2.89
728,7,3.52
728,8,4.14
728,9,4.4
728,10,5.25
728,11,5.81
728,12,6.77
729,1,0.81
729,2,1.37
729,3,2.31
729,4,2.49
729,5,3.19
729,6,3.37
729,7,3.63
729,8,4.02
729,9,4.57
729,10,5.07
729,11,5.93
729,12,6.1
730,1,0.88
730,2,1.06
730,3,1.21
730,4,1.91
730,5,2.64
730,6,3.48
730,7,4.08
730,8,4.63
730,9,5.26
730,10,5.9
730,11,6.8
730,12,7.1
731,1,0.68
731,2,1.06
731,3,1.44
731,4,1.78
731,5,2.22
731,6,3.14
731,7,3.78
731,8,4.21
731,9,5.04
731,10,5.92
731,11,6.65
731,12,6.79
732,1,0.27
732,2,0.75
732,3,1.19
732,4,1.7
732,5,2.56
732,6,3.52
732,7,3.92
732,8,4.83
732,9,5.65
732,10,6.2
732,11,6.59
732,12,7.3
733,1,0.83
733,2,1.55
733,3,2.47
733,4,3.26
733,5,3.8
733,6,4.66
733,7,4.96
733,8,5.73
733,9,6.3
733,10,6.75
733,11,7.11
733,12,7.94
734,1,0.36
734,2,0.69
734,3,1.47
734,4,1.88
734,5,2.3
734,6,2.71
734,7,3.0
734,8,3.15
734,9,3.29
734,10,3.5
734,11,3.96
734,12,4.44
735,1,0.59
735,2,1.31
735,3,1.68
735,4,2.6
735,5,3.11
735,6,3.6
735,7,3.76
735,8,4.32
735,9,5.26
735,10,5.51
735,11,5.94
735,12,6.15
736,1,0.18
736,2,0.64
736,3,0.91
736,4,1.55
736,5,2.08
736,6,2.4
736,7,2.89
736,8,3.0
736,9,3.68
736,10,4.41
736,11,4.8
736,12,5.47
737,1,0.82
737,2,1.28
737,3,2.14
737,4,2.48
737,5,3.09
737,6,3.34
737,7,4.14
737,8,4.55
737,9,4.94
737,10,5.72
737,11,6.59
737,12,6.85
738,1,0.81
738,2,1.67
738,3,1.9
738,4,2.02
738,5,2.87
738,6,3.13
738,7,4.09
738,8,4.83
738,9,5.72
738,10,6.45
738,11,6.67
738,12,7.54
739,1,0.75
739,2,1.1
739,3,1.74
739,4,1.93
739,5,2.68
739,6,3.05
739,7,3.18
739,8,3.32
739,9,4.16
739,10,4.85
739,11,5.45
739,12,5.65
740,1,0.68
740,2,1.37
740,3,1.98
740,4,2.14
740,5,2.73
740,6,2.87
740,7,3.35
740,8,3.88
740,9,4.61
740,10,5.26
740,11,6.15
740,12,6.75
741,1,0.91
741,2,1.19
741,3,1.55
741,4,1.97
741,5,2.15
741,6,2.25
741,7,2.98
741,8,3.86
741,9,4.69
741,10,5.19
741,11,5.88
741,12,6.14
742,1,0.36
742,2,0.51
742,3,1.27
742,4,1.88
742,5,2.51
742,6,3.31
742,7,4.04
742,8,4.7
742,9,5.47
742,10,5.98
742,11,6.2
742,12,7.14
743,1,0.34
743,2,1.24
743,3,1.72
743,4,2.01
743,5,2.11
743,6,2.99
743,7,3.21
743,8,4.13
743,9,4.88
743,10,5.4
743,11,5.99
743,12,6.15
744,1,0.61
744,2,1.31
744,3,1.53
744,4,2.15
744,5,2.28
744,6,3.08
744,7,3.53
744,8,4.08
744,9,4.4
744,10,5.24
744,11,5.6
744,12,6.16
745,1,0.93
745,2,1.29
745,3,1.97
745,4,2.89
745,5,3.16
745,6,4.12
745,7,4.66
745,8,5.4
745,9,5.67
745,10,5.84
745,11,6.71
745,12,7.13
746,1,0.74
746,2,0.99
746,3,1.59
746,4,2.1
746,5,2.47
746,6,3.27
746,7,4.17
746,8,4.55
746,9,4.84
746,10,5.12
746,11,6.01
746,12,6.21
747,1,0.75
747,2,1.67
747,3,1.84
747,4,2.3
747,5,2.56
747,6,3.43
747,7,4.39
747,8,5.13
747,9,5.77
747,10,5.9
747,11,6.25
747,12,6.73
748,1,0.85
748,2,1.8
748,3,2.24
748,4,3.15
748,5,3.63
748,6,3.99
748,7,4.5
748,8,4.85
748,9,5.63
748,10,6.55
748,11,7.37
748,12,8.13
749,1,0.19
749,2,0.71
749,3,1.35
749,4,1.88
749,5,2.66
749,6,3.19
749,7,3.82
749,8,3.93
749,9,4.73
749,10,5.32
749,11,5.7
749,12,6.41
750,1,0.24
750,2,0.73
750,3,0.92
750,4,1.34
750,5,2.23
750,6,2.76
750,7,3.48
750,8,3.99
750,9,4.73
750,10,5.0
750,11,5.77
750,12,5.94
751,1,0.98
751,2,1.28
751,3,1.41
751,4,1.56
751,5,2.42
751,6,2.87
751,7,3.19
751,8,3.43
751,9,3.68
751,10,4.11
751,11,4.78
751,12,5.74
752,1,0.66
752,2,1.39
752,3,2.31
752,4,3.11
752,5,3.61
752,6,4.26
752,7,5.12
752,8,5.92
752,9,6.71
752,10,6.99
752,11,7.51
752,12,8.48
753,1,0.44
753,2,1.24
753,3,2.02
753,4,2.73
753,5,3.23
753,6,3.43
753,7,3.91
753,8,4.85
753,9,5.33
753,10,6.28
753,11,6.76
753,12,6.92
754,1,0.25
754,2,0.68
754,3,0.86
754,4,1.2
754,5,1.68
754,6,2.25
754,7,2.71
754,8,3.41
754,9,4.02
754,10,4.15
754,11,4.64
754,12,5.56
755,1,0.97
755,2,1.87
755,3,2.84
755,4,3.06
755,5,3.22
755,6,3.96
755,7,4.18
755,8,4.99
755,9,5.2
755,10,5.84
755,11,6.33
755,12,7.0
756,1,0.11
756,2,0.95
756,3,1.71
756,4,2.22
756,5,2.41
756,6,2.88
756,7,3.16
756,8,3.48
756,9,4.08
756,10,4.31
756,11,5.14
756,12,5.36
757,1,0.53
757,2,0.99
757,3,1.17
757,4,1.66
757,5,2.5
757,6,2.6
757,7,2.97
757,8,3.37
757,9,4.33
757,10,4.53
757,11,4.64
757,12,4.83
758,1,0.74
758,2,1.29
758,3,1.81
758,4,2.13
758,5,2.23
758,6,2.57
758,7,3.21
758,8,4.06
758,9,4.89
758,10,5.39
758,11,5.57
758,12,6.29
759,1,0.42
759,2,1.09
759,3,2.03
759,4,2.78
759,5,2.99
759,6,3.92
759,7,4.87
759,8,5.4
759,9,6.2
759,10,7.15
759,11,7.38
759,12,7.79
760,1,0.54
760,2,0.83
760,3,1.79
760,4,2.49
760,5,2.66
760,6,3.19
760,7,3.92
760,8,4.53
760,9,4.99
760,10,5.46
760,11,6.28
760,12,6.51
761,1,0.38
761,2,0.54
761,3,1.28
761,4,2.0
761,5,2.44
761,6,3.41
761,7,4.03
761,8,4.18
761,9,4.4
761,10,5.12
761,11,5.64
761,12,6.02
762,1,0.68
762,2,1.08
762,3,1.71
762,4,2.51
762,5,3.23
762,6,4.18
762,7,4.66
762,8,5.31
762,9,5.81
762,10,6.74
762,11,6.97
762,12,7.73
763,1,0.81
763,2,1.79
763,3,2.03
763,4,2.7
763,5,3.48
763,6,3.97
763,7,4.09
763,8,4.42
763,9,4.63
763,10,4.91
763,11,5.58
763,12,6.11
764,1,0.64
764,2,0.97
764,3,1.32
764,4,2.29
764,5,2.79
764,6,3.5
764,7,4.39
764,8,4.85
764,9,5.62
764,10,6.14
764,11,6.62
764,12,7.14
765,1,0.72
765,2,1.44
765,3,1.99
765,4,2.11
765,5,2.49
765,6,2.81
765,7,3.76
765,8,4.06
765,9,4.78
765,10,5.23
765,11,5.67
765,12,6.45
766,1,0.73
766,2,1.37
766,3,2.22
766,4,2.45
766,5,2.81
766,6,3.01
766,7,3.97
766,8,4.38
766,9,4.84
766,10,5.47
766,11,5.61
766,12,6.29
767,1,0.8
767,2,0.91
767,3,1.49
767,4,1.64
767,5,2.12
767,6,2.51
767,7,3.13
767,8,3.88
767,9,4.58
767,10,5.53
767,11,6.19
767,12,7.02
768,1,0.7
768,2,0.92
768,3,1.17
768,4,1.47
768,5,1.85
768,6,2.24
768,7,2.99
768,8,3.64
768,9,3.92
768,10,4.86
768,11,5.59
768,12,5.7
769,1,0.24
769,2,0.83
769,3,1.71
769,4,2.64
769,5,3.55
769,6,3.9
769,7,4.04
769,8,4.93
769,9,5.48
769,10,6.42
769,11,7.23
769,12,7.85
770,1,0.96
770,2,1.69
770,3,2.25
770,4,3.09
770,5,3.24
770,6,3.46
770,7,4.22
770,8,4.73
770,9,5.53
770,10,5.66
770,11,6.05
770,12,6.41
771,1,0.75
771,2,1.21
771,3,2.13
771,4,2.33
771,5,2.88
771,6,3.42
771,7,3.79
771,8,4.01
771,9,4.74
771,10,5.4
771,11,5.93
771,12,6.27
772,1,0.19
772,2,0.95
772,3,1.62
772,4,2.45
772,5,2.88
772,6,3.76
772,7,4.26
772,8,4.79
772,9,5.25
772,10,5.62
772,11,6.05
772,12,6.36
773,1,0.78
773,2,1.04
773,3,1.4
773,4,2.2
773,5,2.8
773,6,3.17
773,7,4.01
773,8,4.74
773,9,4.89
773,10,5.24
773,11,5.51
773,12,5.93
774,1,0.75
774,2,0.92
774,3,1.9
774,4,2.62
774,5,3.46
774,6,3.6
774,7,4.26
774,8,4.98
774,9,5.21
774,10,5.91
774,11,6.86
774,12,7.76
775,1,0.47
775,2,1.34
775,3,1.98
775,4,2.44
775,5,2.66
775,6,2.96
775,7,3.3
775,8,4.03
775,9,4.78
775,10,5.66
775,11,6.45
775,12,7.42
776,1,0.15
776,2,0.52
776,3,1.21
776,4,1.35
776,5,1.98
776,6,2.91
776,7,3.32
776,8,4.06
776,9,4.97
776,10,5.41
776,11,5.77
776,12,6.4
777,1,0.68
777,2,1.62
777,3,2.53
777,4,3.23
777,5,4.07
777,6,4.37
777,7,5.06
777,8,5.63
777,9,6.39
777,10,6.91
777,11,7.87
777,12,8.12
778,1,0.25
778,2,0.79
778,3,1.27
778,4,1.38
778,5,1.7
778,6,2.06
778,7,2.58
778,8,2.74
778,9,3.18
778,10,3.53
778,11,3.69
778,12,4.57
779,1,0.14
779,2,0.27
779,3,0.42
779,4,1.32
779,5,1.54
779,6,2.28
779,7,3.05
779,8,3.77
779,9,4.15
779,10,4.86
779,11,5.52
779,12,5.7
780,1,0.26
780,2,0.38
780,3,0.67
780,4,0.85
780,5,1.02
780,6,1.27
780,7,1.99
780,8,2.22
780,9,3.01
780,10,3.62
780,11,4.01
780,12,4.94
781,1,0.29
781,2,0.5
781,3,1.46
781,4,1.67
781,5,2.52
781,6,2.98
781,7,3.69
781,8,4.63
781,9,4.77
781,10,5.36
781,11,5.75
781,12,6.21
782,1,0.76
782,2,1.53
782,3,2.37
782,4,3.13
782,5,3.23
782,6,3.46
782,7,4.04
782,8,4.84
782,9,4.99
782,10,5.82
782,11,6.55
782,12,7.21
783,1,0.12
783,2,0.54
783,3,0.77
783,4,1.2
783,5,1.37
783,6,2.22
783,7,2.64
783,8,3.44
783,9,4.17
783,10,4.68
783,11,5.59
783,12,6.08
784,1,0.88
784,2,1.54
784,3,1.7
784,4,1.84
784,5,2.74
784,6,2.96
784,7,3.52
784,8,4.03
784,9,4.38
784,10,4.86
784,11,5.79
784,12,5.9
785,1,0.93
785,2,1.57
785,3,2.29
785,4,2.61
785,5,3.26
785,6,3.64
785,7,4.07
785,8,4.46
785,9,5.33
785,10,6.28
785,11,7.03
785,12,7.97
786,1,0.83
786,2,1.57
786,3,2.01
786,4,2.98
786,5,3.84
786,6,4.36
786,7,5.18
786,8,5.76
786,9,5.95
786,10,6.2
786,11,6.37
786,12,6.69
787,1,0.57
787,2,1.5
787,3,1.96
787,4,2.5
787,5,2.75
787,6,3.13
787,7,3.46
787,8,4.04
787,9,4.8
787,10,5.74
787,11,6.46
787,12,7.21
788,1,0.77
788,2,1.68
788,3,2.17
788,4,2.99
788,5,3.91
788,6,4.76
788,7,5.17
788,8,5.97
788,9,6.5
788,10,7.32
788,11,7.72
788,12,7.94
789,1,0.71
789,2,1.06
789,3,2.0
789,4,2.87
789,5,3.67
789,6,4.31
789,7,4.44
789,8,5.36
789,9,5.93
789,10,6.65
789,11,7.12
789,12,7.85
790,1,0.62
790,2,1.08
790,3,1.72
790,4,2.03
790,5,2.77
790,6,3.5
790,7,4.38
790,8,5.04
790,9,5.21
790,10,5.65
790,11,6.03
790,12,6.22
791,1,0.89
791,2,1.0
791,3,1.53
791,4,2.18
791,5,3.02
791,6,3.72
791,7,3.93
791,8,4.16
791,9,4.27
791,10,4.73
791,11,5.37
791,12,5.92
792,1,0.44
792,2,0.58
792,3,1.31
792,4,1.81
792,5,2.51
792,6,3.0
792,7,3.18
792,8,3.6
792,9,4.48
792,10,4.92
792,11,5.89
792,12,6.15
793,1,0.7
793,2,1.23
793,3,1.6
793,4,2.06
793,5,3.03
793,6,3.67
793,7,4.42
793,8,5.25
793,9,5.75
793,10,6.55
793,11,7.19
793,12,7.9
794,1,0.97
794,2,1.71
794,3,2.32
794,4,2.52
794,5,3.26
794,6,4.17
794,7,4.29
794,8,4.66
794,9,5.31
794,10,6.27
794,11,6.68
794,12,6.8
795,1,0.29
795,2,0.5
795,3,1.33
795,4,2.17
795,5,2.94
795,6,3.15
795,7,3.86
795,8,4.6
795,9,4.75
795,10,4.93
795,11,5.78
795,12,5.9
796,1,0.51
796,2,0.64
796,3,0.93
796,4,1.78
796,5,2.02
796,6,2.47
796,7,3.39
796,8,3.85
796,9,4.5
796,10,4.96
796,11,5.64
796,12,6.54
797,1,0.49
797,2,0.59
797,3,1.52
797,4,1.69
797,5,2.24
797,6,3.2
797,7,3.84
797,8,4.77
797,9,4.88
797,10,5.55
797,11,6.44
797,12,7.08
798,1,0.48
798,2,0.73
798,3,1.07
798,4,2.04
798,5,2.44
798,6,2.64
798,7,3.48
798,8,3.97
798,9,4.89
798,10,5.21
798,11,6.18
798,12,6.98
799,1,0.18
799,2,0.99
799,3,1.15
799,4,1.29
799,5,1.6
799,6,2.24
799,7,2.64
799,8,3.17
799,9,3.82
799,10,4.21
799,11,4.78
799,12,5.45
800,1,0.94
800,2,1.61
800,3,1.98
800,4,2.6
800,5,2.94
800,6,3.59
800,7,3.94
800,8,4.37
800,9,4.84
800,10,5.29
800,11,5.88
800,12,6.27
801,1,0.59
801,2,1.45
801,3,2.15
801,4,2.41
801,5,2.86
801,6,3.13
801,7,4.05
801,8,4.73
801,9,5.63
801,10,5.93
801,11,6.89
801,12,7.06
802,1,0.15
802,2,0.57
802,3,0.98
802,4,1.32
802,5,1.5
802,6,1.95
802,7,2.87
802,8,3.35
802,9,4.19
802,10,4.47
802,11,4.77
802,12,5.71
803,1,0.4
803,2,0.55
803,3,1.29
803,4,1.89
803,5,2.31
803,6,2.65
803,7,2.87
803,8,3.72
803,9,4.31
803,10,4.81
803,11,5.2
803,12,5.97
804,1,0.96
804,2,1.28
804,3,1.93
804,4,2.06
804,5,2.66
804,6,3.32
804,7,4.2
804,8,4.43
804,9,5.29
804,10,5.45
804,11,5.97
804,12,6.17
805,1,0.41
805,2,0.67
805,3,1.6
805,4,1.91
805,5,2.63
805,6,3.42
805,7,4.35
805,8,5.14
805,9,5.33
805,10,5.54
805,11,6.31
805,12,7.11
806,1,0.61
806,2,1.26
806,3,2.07
806,4,2.83
806,5,3.7
806,6,4.17
806,7,4.77
806,8,5.31
806,9,5.82
806,10,6.68
806,11,7.32
806,12,7.74
807,1,0.3
807,2,0.42
807,3,0.73
807,4,1.57
807,5,2.14
807,6,2.92
807,7,3.47
807,8,4.25
807,9,4.52
807,10,5.14
807,11,5.32
807,12,5.62
808,1,0.69
808,2,1.2
808,3,1.61
808,4,2.38
808,5,2.74
808,6,3.05
808,7,3.99
808,8,4.51
808,9,5.15
808,10,5.47
808,11,5.7
808,12,6.12
809,1,0.28
809,2,1.06
809,3,1.22
809,4,1.34
809,5,1.61
809,6,1.85
809,7,2.63
809,8,3.6
809,9,3.96
809,10,4.18
809,11,4.44
809,12,5.35
810,1,0.37
810,2,1.21
810,3,1.36
810,4,1.57
810,5,2.3
810,6,2.49
810,7,2.81
810,8,3.13
810,9,3.36
810,10,3.79
810,11,4.01
810,12,4.22
811,1,0.16
811,2,0.81
811,3,1.76
811,4,1.87
811,5,2.23
811,6,2.4
811,7,2.59
811,8,3.28
811,9,3.72
811,10,4.35
811,11,5.03
811,12,5.56
812,1,0.83
812,2,1.8
812,3,2.45
812,4,3.33
812,5,3.71
812,6,4.27
812,7,5.03
812,8,5.8
812,9,6.55
812,10,7.44
812,11,7.92
812,12,8.73
813,1,0.85
813,2,1.56
813,3,2.45
813,4,3.31
813,5,4.11
813,6,4.24
813,7,4.84
813,8,5.45
813,9,5.75
813,10,6.22
813,11,6.96
813,12,7.1
814,1,0.51
814,2,0.68
814,3,1.1
814,4,1.27
814,5,2.12
814,6,2.79
814,7,3.67
814,8,4.64
814,9,5.58
814,10,5.93
814,11,6.73
814,12,6.88
815,1,0.38
815,2,1.08
815,3,1.4
815,4,1.57
815,5,2.51
815,6,2.75
815,7,2.99
815,8,3.82
815,9,4.18
815,10,5.12
815,11,5.42
815,12,5.9
816,1,0.36
816,2,0.73
816,3,1.43
816,4,2.12
816,5,2.98
816,6,3.85
816,7,4.14
816,8,4.75
816,9,5.03
816,10,5.55
816,11,6.22
816,12,7.16
817,1,0.61
817,2,0.87
817,3,1.76
817,4,1.99
817,5,2.37
817,6,3.1
817,7,3.62
817,8,3.98
817,9,4.23
817,10,4.89
817,11,5.66
817,12,5.81
818,1,0.35
818,2,0.67
818,3,1.44
818,4,1.64
818,5,2.06
818,6,2.41
818,7,3.1
818,8,3.31
818,9,3.44
818,10,3.84
818,11,4.38
818,12,4.8
819,1,0.41
819,2,0.98
819,3,1.38
819,4,1.98
819,5,2.16
819,6,3.05
819,7,3.71
819,8,4.3
819,9,5.2
819,10,5.5
819,11,5.83
819,12,6.33
820,1,0.92
820,2,1.26
820,3,1.9
820,4,2.3
820,5,3.16
820,6,3.74
820,7,4.03
820,8,4.66
820,9,5.44
820,10,5.63
820,11,6.39
820,12,7.18
821,1,0.16
821,2,1.03
821,3,1.83
821,4,2.65
821,5,2.88
821,6,3.71
821,7,3.88
821,8,4.14
821,9,4.99
821,10,5.76
821,11,5.95
821,12,6.85
822,1,0.77
822,2,1.71
822,3,2.59
822,4,3.06
822,5,3.47
822,6,3.65
822,7,4.44
822,8,4.94
822,9,5.77
822,10,5.96
822,11,6.08
822,12,6.88
823,1,0.68
823,2,1.23
823,3,2.05
823,4,2.34
823,5,2.52
823,6,3.0
823,7,3.91
823,8,4.14
823,9,4.67
823,10,4.77
823,11,4.92
823,12,5.41
824,1,0.8
824,2,1.57
824,3,2.2
824,4,2.78
824,5,3.45
824,6,3.97
824,7,4.86
824,8,5.27
824,9,5.83
824,10,5.96
824,11,6.74
824,12,7.61
825,1,0.81
825,2,1.68
825,3,1.83
825,4,2.74
825,5,3.2
825,6,3.59
825,7,4.53
825,8,4.69
825,9,5.54
825,10,6.18
825,11,7.11
825,12,7.54
826,1,0.23
826,2,1.09
826,3,1.87
826,4,2.79
826,5,3.74
826,6,4.18
826,7,4.96
826,8,5.56
826,9,5.89
826,10,6.59
826,11,7.06
826,12,7.48
827,1,0.92
827,2,1.51
827,3,2.36
827,4,2.47
827,5,2.83
827,6,3.42
827,7,3.84
827,8,4.35
827,9,4.63
827,10,5.05
827,11,5.68
827,12,6.13
828,1,0.68
828,2,1.32
828,3,1.47
828,4,1.99
828,5,2.51
828,6,2.97
828,7,3.18
828,8,3.44
828,9,4.35
828,10,4.48
828,11,5.12
828,12,5.57
829,1,0.23
829,2,1.19
829,3,2.07
829,4,2.46
829,5,2.59
829,6,2.7
829,7,2.91
829,8,3.04
829,9,3.89
829,10,4.24
829,11,4.75
829,12,5.68
830,1,0.55
830,2,0.79
830,3,1.02
830,4,1.23
830,5,1.6
830,6,1.98
830,7,2.62
830,8,3.49
830,9,4.03
830,10,4.89
830,11,5.44
830,12,5.98
831,1,0.68
831,2,1.2
831,3,1.54
831,4,2.51
831,5,2.82
831,6,3.26
831,7,3.78
831,8,4.49
831,9,4.97
831,10,5.87
831,11,6.56
831,12,7.43
832,1,0.88
832,2,1.7
832,3,2.18
832,4,3.0
832,5,3.92
832,6,4.74
832,7,5.33
832,8,5.46
832,9,5.91
832,10,6.79
832,11,7.51
832,12,8.11
833,1,0.6
833,2,0.92
833,3,1.38
833,4,1.8
833,5,1.92
833,6,2.19
833,7,3.15
833,8,3.68
833,9,3.9
833,10,4.15
833,11,4.81
833,12,5.15
834,1,0.89
834,2,1.63
834,3,2.55
834,4,3.46
834,5,3.75
834,6,3.89
834,7,4.13
834,8,4.35
834,9,4.77
834,10,5.07
834,11,5.44
834,12,5.6
835,1,0.57
835,2,1.09
835,3,1.61
835,4,2.53
835,5,2.89
835,6,3.48
835,7,4.08
835,8,4.28
835,9,4.85
835,10,5.28
835,11,6.05
835,12,6.15
836,1,0.61
836,2,1.17
836,3,2.13
836,4,3.03
836,5,3.78
836,6,4.4
836,7,4.66
836,8,4.78
836,9,5.4
836,10,5.75
836,11,6.48
836,12,7.25
837,1,0.15
837,2,0.98
837,3,1.92
837,4,2.33
837,5,2.54
837,6,2.93
837,7,3.65
837,8,4.28
837,9,4.43
837,10,4.69
837,11,5.64
837,12,6.04
838,1,0.22
838,2,0.6
838,3,1.49
838,4,2.25
838,5,2.52
838,6,3.1
838,7,3.8
838,8,4.31
838,9,4.58
838,10,5.32
838,11,6.18
838,12,6.33
839,1,0.25
839,2,1.2
839,3,1.71
839,4,2.65
839,5,3.59
839,6,3.91
839,7,4.78
839,8,4.98
839,9,5.64
839,10,6.51
839,11,7.04
839,12,7.33
840,1,0.45
840,2,0.59
840,3,1.3
840,4,1.95
840,5,2.5
840,6,2.9
840,7,3.64
840,8,4.12
840,9,5.07
840,10,5.37
840,11,6.02
840,12,6.14
841,1,0.54
841,2,1.18
841,3,1.74
841,4,2.05
841,5,2.27
841,6,2.85
841,7,3.51
841,8,4.43
841,9,4.91
841,10,5.81
841,11,5.92
841,12,6.84
842,1,0.13
842,2,0.75
842,3,1.47
842,4,1.98
842,5,2.91
842,6,3.48
842,7,4.03
842,8,4.14
842,9,4.82
842,10,5.51
842,11,6.17
842,12,6.57
843,1,0.84
843,2,1.14
843,3,1.76
843,4,2.63
843,5,2.97
843,6,3.57
843,7,4.06
843,8,4.33
843,9,4.44
843,10,4.76
843,11,5.56
843,12,6.14
844,1,0.44
844,2,0.72
844,3,1.67
844,4,2.03
844,5,2.86
844,6,3.01
844,7,3.96
844,8,4.46
844,9,5.17
844,10,5.35
844,11,5.85
844,12,6.69
845,1,0.32
845,2,0.53
845,3,1.0
845,4,1.85
845,5,2.22
845,6,2.77
845,7,3.41
845,8,3.95
845,9,4.24
845,10,4.87
845,11,5.32
845,12,5.55
846,1,0.13
846,2,0.77
846,3,1.12
846,4,1.78
846,5,2.34
846,6,3.11
846,7,3.52
846,8,4.37
846,9,4.67
846,10,5.56
846,11,6.13
846,12,7.02
847,1,0.31
847,2,0.76
847,3,1.01
847,4,1.15
847,5,1.45
847,6,1.68
847,7,2.49
847,8,2.86
847,9,3.39
847,10,3.54
847,11,4.22
847,12,4.9
848,1,0.2
848,2,0.84
848,3,1.25
848,4,1.42
848,5,1.57
848,6,1.93
848,7,2.35
848,8,3.27
848,9,3.4
848,10,3.5
848,11,3.91
848,12,4.77
849,1,0.66
849,2,1.6
849,3,2.49
849,4,3.16
849,5,4.03
849,6,4.87
849,7,5.14
849,8,5.84
849,9,6.66
849,10,6.9
849,11,7.21
849,12,7.95
850,1,0.92
850,2,1.2
850,3,1.74
850,4,2.59
850,5,2.89
850,6,3.42
850,7,4.26
850,8,4.72
850,9,5.04
850,10,5.78
850,11,6.12
850,12,6.86
851,1,0.19
851,2,0.84
851,3,1.25
851,4,2.05
851,5,2.69
851,6,3.25
851,7,3.93
851,8,4.77
851,9,5.02
851,10,5.28
851,11,6.1
851,12,6.8
852,1,0.96
852,2,1.78
852,3,1.92
852,4,2.65
852,5,3.27
852,6,3.97
852,7,4.66
852,8,5.11
852,9,5.99
852,10,6.16
852,11,6.34
852,12,7.23
853,1,0.85
853,2,1.59
853,3,1.99
853,4,2.96
853,5,3.94
853,6,4.74
853,7,5.55
853,8,5.7
853,9,6.2
853,10,6.66
853,11,7.17
853,12,7.69
854,1,0.93
854,2,1.17
854,3,1.88
854,4,2.43
854,5,2.74
854,6,2.96
854,7,3.3
854,8,3.72
854,9,3.94
854,10,4.17
854,11,4.91
854,12,5.59
855,1,0.17
855,2,0.69
855,3,1.23
855,4,1.42
855,5,1.86
855,6,2.66
855,7,3.4
855,8,4.33
855,9,4.85
855,10,5.27
855,11,5.74
855,12,6.23
856,1,0.12
856,2,0.59
856,3,0.74
856,4,1.07
856,5,1.27
856,6,1.56
856,7,1.93
856,8,2.63
856,9,2.78
856,10,3.04
856,11,3.94
856,12,4.37
857,1,0.2
857,2,1.05
857,3,1.92
857,4,2.88
857,5,3.63
857,6,4.07
857,7,4.42
857,8,4.81
857,9,5.35
857,10,5.46
857,11,6.15
857,12,6.48
858,1,0.15
858,2,0.36
858,3,0.7
858,4,1.11
858,5,1.54
858,6,2.51
858,7,2.87
858,8,3.33
858,9,3.64
858,10,4.15
858,11,4.8
858,12,5.09
859,1,0.55
859,2,1.06
859,3,1.87
859,4,2.69
859,5,3.49
859,6,3.75
859,7,4.04
859,8,4.8
859,9,5.64
859,10,6.36
859,11,7.32
859,12,7.8
860,1,0.12
860,2,0.7
860,3,1.52
860,4,1.8
860,5,2.16
860,6,2.38
860,7,3.09
860,8,3.25
860,9,3.4
860,10,3.66
860,11,4.38
860,12,4.92
861,1,0.85
861,2,1.54
861,3,1.75
861,4,2.17
861,5,2.94
861,6,3.34
861,7,3.56
861,8,4.15
861,9,4.79
861,10,5.64
861,11,6.51
861,12,7.05
862,1,0.21
862,2,0.32
862,3,0.5
862,4,0.68
862,5,1.27
862,6,2.21
862,7,2.57
862,8,3.5
862,9,4.33
862,10,4.52
862,11,5.49
862,12,6.37
863,1,0.16
863,2,0.37
863,3,0.57
863,4,1.19
863,5,1.9
863,6,2.0
863,7,2.71
863,8,2.85
863,9,3.64
863,10,4.37
863,11,5.15
863,12,5.59
864,1,0.33
864,2,0.8
864,3,1.51
864,4,2.03
864,5,2.57
864,6,2.84
864,7,3.44
864,8,3.71
864,9,4.19
864,10,4.49
864,11,5.11
864,12,5.4
865,1,0.84
865,2,1.41
865,3,1.83
865,4,2.32
865,5,2.92
865,6,3.49
865,7,3.98
865,8,4.94
865,9,5.47
865,10,6.0
865,11,6.19
865,12,6.58
866,1,0.35
866,2,0.96
866,3,1.39
866,4,1.69
866,5,1.92
866,6,2.25
866,7,2.69
866,8,3.13
866,9,3.32
866,10,3.89
866,11,4.54
866,12,4.93
867,1,0.57
867,2,1.2
867,3,1.3
867,4,1.94
867,5,2.66
867,6,3.32
867,7,3.56
867,8,3.84
867,9,4.11
867,10,4.73
867,11,5.21
867,12,5.32
868,1,0.35
868,2,0.56
868,3,0.68
868,4,1.48
868,5,1.89
868,6,2.05
868,7,2.82
868,8,3.39
868,9,3.53
868,10,4.21
868,11,5.03
868,12,5.98
869,1,0.31
869,2,0.59
869,3,1.23
869,4,1.58
869,5,2.1
869,6,2.5
869,7,2.74
869,8,3.32
869,9,4.25
869,10,5.11
869,11,5.75
869,12,6.65
870,1,0.71
870,2,1.16
870,3,1.68
870,4,2.5
870,5,3.14
870,6,3.4
870,7,4.17
870,8,4.76
870,9,5.54
870,10,6.38
870,11,6.57
870,12,7.14
871,1,0.78
871,2,1.2
871,3,2.06
871,4,2.38
871,5,2.88
871,6,3.67
871,7,4.02
871,8,4.19
871,9,4.31
871,10,5.23
871,11,5.92
871,12,6.33
872,1,0.49
872,2,0.78
872,3,1.22
872,4,2.17
872,5,2.93
872,6,3.8
872,7,4.67
872,8,5.15
872,9,5.65
872,10,6.35
872,11,7.17
872,12,7.68
873,1,0.18
873,2,0.57
873,3,1.27
873,4,1.62
873,5,1.85
873,6,2.54
873,7,3.47
873,8,4.12
873,9,4.25
873,10,5.19
873,11,5.92
873,12,6.34
874,1,0.52
874,2,1.38
874,3,2.19
874,4,2.43
874,5,3.31
874,6,4.18
874,7,4.91
874,8,5.62
874,9,6.08
874,10,6.66
874,11,7.22
874,12,8.0
875,1,0.14
875,2,0.75
875,3,1.09
875,4,1.46
875,5,2.18
875,6,3.11
875,7,3.95
875,8,4.2
875,9,4.39
875,10,4.9
875,11,5.36
875,12,6.07
876,1,0.24
876,2,1.03
876,3,1.36
876,4,2.03
876,5,2.35
876,6,2.52
876,7,2.68
876,8,2.97
876,9,3.07
876,10,3.71
876,11,3.94
876,12,4.47
877,1,0.15
877,2,0.64
877,3,1.52
877,4,1.97
877,5,2.11
877,6,3.06
877,7,3.72
877,8,4.5
877,9,4.73
877,10,4.94
877,11,5.87
877,12,6.22
878,1,0.92
878,2,1.74
878,3,2.35
878,4,3.12
878,5,3.59
878,6,3.92
878,7,4.03
878,8,4.18
878,9,4.41
878,10,5.02
878,11,5.91
878,12,6.32
879,1,0.48
879,2,0.88
879,3,1.69
879,4,2.08
879,5,2.73
879,6,3.66
879,7,4.58
879,8,5.04
879,9,5.72
879,10,5.92
879,11,6.16
879,12,7.01
880,1,0.1
880,2,0.97
880,3,1.43
880,4,1.81
880,5,2.19
880,6,3.11
880,7,3.25
880,8,3.93
880,9,4.05
880,10,4.85
880,11,5.19
880,12,5.84
881,1,0.62
881,2,1.19
881,3,1.42
881,4,2.1
881,5,2.95
881,6,3.47
881,7,4.36
881,8,4.99
881,9,5.28
881,10,5.68
881,11,6.36
881,12,6.61
882,1,0.24
882,2,0.83
882,3,1.15
882,4,2.04
882,5,2.25
882,6,2.96
882,7,3.53
882,8,3.64
882,9,4.39
882,10,4.54
882,11,4.99
882,12,5.52
883,1,0.92
883,2,1.63
883,3,2.56
883,4,3.14
883,5,3.7
883,6,4.31
883,7,4.62
883,8,4.91
883,9,5.61
883,10,6.44
883,11,7.18
883,12,7.96
884,1,0.27
884,2,0.91
884,3,1.84
884,4,2.38
884,5,3.08
884,6,3.3
884,7,3.88
884,8,4.03
884,9,4.32
884,10,4.86
884,11,5.62
884,12,6.48
885,1,0.58
885,2,1.15
885,3,1.93
885,4,2.25
885,5,2.89
885,6,3.83
885,7,4.01
885,8,4.28
885,9,4.48
885,10,5.15
885,11,5.44
885,12,5.74
886,1,0.27
886,2,0.45
886,3,1.36
886,4,1.5
886,5,1.96
886,6,2.18
886,7,3.02
886,8,3.39
886,9,3.51
886,10,3.92
886,11,4.78
886,12,5.51
887,1,0.77
887,2,1.52
887,3,2.21
887,4,3.13
887,5,3.72
887,6,4.36
887,7,4.66
887,8,5.61
887,9,5.89
887,10,6.59
887,11,7.11
887,12,7.8
888,1,0.3
888,2,1.05
888,3,1.2
888,4,2.03
888,5,2.61
888,6,3.25
888,7,4.08
888,8,4.69
888,9,5.25
888,10,5.96
888,11,6.56
888,12,7.1
889,1,0.35
889,2,0.9
889,3,1.01
889,4,1.94
889,5,2.33
889,6,2.73
889,7,3.19
889,8,3.53
889,9,3.89
889,10,4.73
889,11,5.6
889,12,6.11
890,1,0.14
890,2,0.61
890,3,1.05
890,4,1.55
890,5,1.89
890,6,2.45
890,7,2.6
890,8,3.43
890,9,4.0
890,10,4.65
890,11,5.59
890,12,6.51
891,1,0.57
891,2,1.52
891,3,1.72
891,4,1.94
891,5,2.29
891,6,2.94
891,7,3.43
891,8,3.72
891,9,4.37
891,10,4.87
891,11,5.65
891,12,6.25
892,1,0.31
892,2,0.42
892,3,0.74
892,4,1.24
892,5,1.37
892,6,1.68
892,7,1.79
892,8,2.75
892,9,3.23
892,10,3.34
892,11,3.67
892,12,3.86
893,1,0.89
893,2,1.63
893,3,2.25
893,4,2.76
893,5,3.55
893,6,4.05
893,7,4.93
893,8,5.62
893,9,5.91
893,10,6.02
893,11,6.17
893,12,6.42
894,1,0.75
894,2,1.71
894,3,2.64
894,4,2.89
894,5,3.74
894,6,4.64
894,7,5.06
894,8,5.61
894,9,5.77
894,10,6.37
894,11,6.68
894,12,6.9
895,1,0.16
895,2,0.45
895,3,1.16
895,4,1.71
895,5,2.35
895,6,3.25
895,7,3.4
895,8,3.86
895,9,4.72
895,10,5.59
895,11,5.7
895,12,6.49
896,1,0.17
896,2,0.93
896,3,1.31
896,4,2.27
896,5,2.51
896,6,2.83
896,7,3.74
896,8,4.33
896,9,5.08
896,10,6.02
896,11,6.67
896,12,7.08
897,1,0.8
897,2,1.53
897,3,2.13
897,4,2.67
897,5,3.35
897,6,4.0
897,7,4.95
897,8,5.36
897,9,6.09
897,10,6.46
897,11,6.88
897,12,7.24
898,1,0.84
898,2,1.44
898,3,2.32
898,4,2.98
898,5,3.79
898,6,4.07
898,7,4.78
898,8,4.93
898,9,5.07
898,10,5.81
898,11,6.42
898,12,7.21
899,1,0.3
899,2,0.71
899,3,1.12
899,4,1.98
899,5,2.6
899,6,2.72
899,7,3.23
899,8,3.92
899,9,4.35
899,10,5.18
899,11,6.03
899,12,6.86
900,1,0.84
900,2,1.58
900,3,2.22
900,4,2.43
900,5,3.17
900,6,3.79
900,7,3.96
900,8,4.82
900,9,5.66
900,10,6.33
900,11,7.22
900,12,7.74
901,1,0.38
901,2,1.24
901,3,1.74
901,4,2.26
901,5,3.11
901,6,3.35
901,7,3.57
901,8,4.03
901,9,4.92
901,10,5.85
901,11,6.78
901,12,6.98
902,1,0.98
902,2,1.17
902,3,1.76
902,4,2.03
902,5,2.99
902,6,3.82
902,7,4.22
902,8,4.41
902,9,4.94
902,10,5.12
902,11,5.9
902,12,6.13
903,1,0.66
903,2,1.04
903,3,1.31
903,4,1.8
903,5,2.47
903,6,2.75
903,7,3.12
903,8,3.28
903,9,3.48
903,10,4.2
903,11,4.47
903,12,5.41
904,1,0.78
904,2,1.18
904,3,1.82
904,4,2.26
904,5,2.63
904,6,2.96
904,7,3.08
904,8,3.47
904,9,4.08
904,10,4.6
904,11,5.18
904,12,5.47
905,1,0.87
905,2,1.12
905,3,1.65
905,4,2.58
905,5,2.76
905,6,2.87
905,7,3.37
905,8,3.85
905,9,4.25
905,10,4.38
905,11,4.81
905,12,5.63
906,1,0.11
906,2,0.78
906,3,1.64
906,4,1.76
906,5,2.33
906,6,2.78
906,7,3.18
906,8,3.42
906,9,3.66
906,10,4.02
906,11,4.85
906,12,5.52
907,1,0.24
907,2,1.11
907,3,1.62
907,4,2.44
907,5,2.77
907,6,3.33
907,7,4.29
907,8,4.65
907,9,5.61
907,10,5.75
907,11,5.91
907,12,6.36
908,1,0.22
908,2,0.61
908,3,1.2
908,4,1.51
908,5,2.24
908,6,3.08
908,7,3.64
908,8,4.53
908,9,5.23
908,10,5.93
908,11,6.8
908,12,7.19
909,1,0.15
909,2,0.75
909,3,0.99
909,4,1.62
909,5,1.96
909,6,2.39
909,7,2.68
909,8,2.8
909,9,3.41
909,10,4.16
909,11,5.07
909,12,5.19
910,1,0.53
910,2,1.2
910,3,2.1
910,4,2.39
910,5,2.8
910,6,3.0
910,7,3.72
910,8,4.66
910,9,5.17
910,10,5.73
910,11,6.2
910,12,6.31
911,1,0.75
911,2,1.0
911,3,1.6
911,4,2.14
911,5,2.4
911,6,2.99
911,7,3.24
911,8,3.56
911,9,3.67
911,10,4.0
911,11,4.45
911,12,5.1
912,1,0.2
912,2,0.61
912,3,0.79
912,4,1.31
912,5,1.65
912,6,2.49
912,7,2.62
912,8,3.28
912,9,4.26
912,10,5.13
912,11,5.94
912,12,6.78
913,1,0.55
913,2,0.96
913,3,1.23
913,4,1.7
913,5,2.44
913,6,3.12
913,7,3.76
913,8,4.22
913,9,4.33
913,10,4.58
913,11,4.69
913,12,5.29
914,1,0.94
914,2,1.51
914,3,2.43
914,4,3.14
914,5,3.65
914,6,3.79
914,7,4.16
914,8,4.62
914,9,5.56
914,10,5.95
914,11,6.81
914,12,7.17
915,1,0.13
915,2,0.7
915,3,1.24
915,4,2.12
915,5,2.39
915,6,2.92
915,7,3.07
915,8,3.87
915,9,4.15
915,10,4.52
915,11,4.7
915,12,5.49
916,1,0.55
916,2,0.91
916,3,1.13
916,4,1.9
916,5,2.02
916,6,2.74
916,7,3.21
916,8,3.35
916,9,4.14
916,10,4.67
916,11,5.52
916,12,5.89
917,1,0.22
917,2,0.4
917,3,1.17
917,4,1.48
917,5,2.43
917,6,3.31
917,7,4.27
917,8,5.15
917,9,5.67
917,10,6.52
917,11,6.74
917,12,7.14
918,1,0.82
918,2,1.36
918,3,1.76
918,4,2.11
918,5,2.48
918,6,2.76
918,7,3.01
918,8,3.67
918,9,4.29
918,10,5.23
918,11,6.04
918,12,6.45
919,1,0.31
919,2,1.14
919,3,1.44
919,4,1.57
919,5,2.47
919,6,3.17
919,7,3.49
919,8,3.76
919,9,4.36
919,10,4.48
919,11,5.37
919,12,6.03
920,1,0.34
920,2,0.66
920,3,0.87
920,4,1.39
920,5,1.6
920,6,2.38
920,7,2.64
920,8,3.4
920,9,3.62
920,10,3.88
920,11,4.66
920,12,4.96
921,1,0.75
921,2,1.63
921,3,1.74
921,4,2.04
921,5,2.69
921,6,3.36
921,7,3.58
921,8,4.12
921,9,4.69
921,10,5.42
921,11,6.22
921,12,6.91
922,1,0.97
922,2,1.72
922,3,1.84
922,4,2.5
922,5,2.72
922,6,3.19
922,7,3.95
922,8,4.08
922,9,4.91
922,10,5.26
922,11,6.13
922,12,6.94
923,1,0.44
923,2,1.05
923,3,1.72
923,4,2.26
923,5,2.96
923,6,3.46
923,7,3.72
923,8,3.95
923,9,4.53
923,10,4.79
923,11,5.45
923,12,5.96
924,1,0.91
924,2,1.65
924,3,1.88
924,4,2.36
924,5,2.75
924,6,3.72
924,7,4.57
924,8,5.08
924,9,5.93
924,10,6.48
924,11,7.17
924,12,7.28
925,1,0.73
925,2,1.45
925,3,1.74
925,4,2.37
925,5,2.85
925,6,3.6
925,7,4.54
925,8,4.8
925,9,5.09
925,10,5.98
925,11,6.75
925,12,7.42
926,1,0.48
926,2,1.35
926,3,1.96
926,4,2.13
926,5,2.28
926,6,3.15
926,7,3.34
926,8,3.85
926,9,4.23
926,10,4.94
926,11,5.67
926,12,6.45
927,1,0.66
927,2,1.19
927,3,1.3
927,4,1.42
927,5,2.33
927,6,3.23
927,7,3.48
927,8,3.76
927,9,4.6
927,10,5.38
927,11,5.97
927,12,6.32
928,1,0.17
928,2,0.61
928,3,1.24
928,4,1.77
928,5,2.44
928,6,2.75
928,7,3.33
928,8,3.63
928,9,4.37
928,10,5.05
928,11,5.99
928,12,6.66
929,1,0.95
929,2,1.62
929,3,2.23
929,4,3.04
929,5,3.51
929,6,3.9
929,7,4.06
929,8,4.63
929,9,5.25
929,10,5.48
929,11,6.14
929,12,6.31
930,1,0.12
930,2,0.26
930,3,0.43
930,4,0.83
930,5,1.24
930,6,1.35
930,7,2.11
930,8,2.87
930,9,3.22
930,10,3.74
930,11,3.86
930,12,4.15
931,1,0.59
931,2,1.29
931,3,1.83
931,4,2.35
931,5,2.68
931,6,3.04
931,7,3.91
931,8,4.03
931,9,4.86
931,10,5.38
931,11,5.63
931,12,5.86
932,1,0.42
932,2,0.73
932,3,1.25
932,4,1.7
932,5,1.97
932,6,2.67
932,7,3.44
932,8,3.89
932,9,4.8
932,10,5.6
932,11,5.74
932,12,6.58
933,1,0.24
933,2,1.15
933,3,1.96
933,4,2.59
933,5,2.8
933,6,3.36
933,7,3.78
933,8,4.32
933,9,4.71
933,10,5.65
933,11,6.32
933,12,7.24
934,1,0.48
934,2,0.9
934,3,1.53
934,4,2.44
934,5,2.73
934,6,3.06
934,7,3.75
934,8,4.28
934,9,4.54
934,10,4.86
934,11,5.6
934,12,6.21
935,1,0.62
935,2,1.55
935,3,1.82
935,4,2.14
935,5,2.58
935,6,3.35
935,7,4.13
935,8,4.59
935,9,5.46
935,10,5.82
935,11,6.19
935,12,6.47
936,1,0.32
936,2,1.21
936,3,2.06
936,4,3.03
936,5,3.42
936,6,4.28
936,7,5.18
936,8,5.81
936,9,5.92
936,10,6.54
936,11,7.2
936,12,7.73
937,1,0.87
937,2,1.45
937,3,2.42
937,4,2.79
937,5,3.55
937,6,4.01
937,7,4.58
937,8,4.7
937,9,5.22
937,10,5.59
937,11,6.3
937,12,7.06
938,1,0.5
938,2,0.71
938,3,1.21
938,4,1.71
938,5,1.83
938,6,2.8
938,7,3.19
938,8,3.32
938,9,3.79
938,10,4.31
938,11,4.52
938,12,4.69
939,1,0.88
939,2,1.57
939,3,2.36
939,4,2.5
939,5,2.61
939,6,3.1
939,7,3.51
939,8,4.04
939,9,4.52
939,10,4.96
939,11,5.46
939,12,6.01
940,1,0.7
940,2,1.07
940,3,1.84
940,4,2.54
940,5,3.05
940,6,3.9
940,7,4.73
940,8,5.16
940,9,5.41
940,10,5.85
940,11,6.57
940,12,7.0
941,1,0.69
941,2,1.18
941,3,2.07
941,4,2.54
941,5,2.8
941,6,3.74
941,7,4.57
941,8,5.51
941,9,6.48
941,10,7.01
941,11,7.78
941,12,8.31
942,1,0.73
942,2,1.68
942,3,2.0
942,4,2.32
942,5,2.72
942,6,3.53
942,7,3.98
942,8,4.9
942,9,5.57
942,10,5.81
942,11,6.64
942,12,7.39
943,1,0.63
943,2,1.31
943,3,1.52
943,4,1.92
943,5,2.35
943,6,2.75
943,7,3.54
943,8,4.49
943,9,5.12
943,10,5.35
943,11,6.03
943,12,6.24
944,1,0.26
944,2,0.49
944,3,1.18
944,4,1.29
944,5,2.01
944,6,2.49
944,7,3.0
944,8,3.63
944,9,4.52
944,10,5.11
944,11,5.72
944,12,6.51
945,1,0.14
945,2,0.79
945,3,1.3
945,4,1.73
945,5,2.41
945,6,2.65
945,7,3.54
945,8,3.82
945,9,4.51
945,10,4.7
945,11,5.6
945,12,5.9
946,1,0.75
946,2,0.88
946,3,1.58
946,4,2.21
946,5,2.77
946,6,3.61
946,7,3.78
946,8,4.6
946,9,4.85
946,10,5.69
946,11,5.85
946,12,6.62
947,1,0.12
947,2,0.65
947,3,1.18
947,4,2.04
947,5,2.62
947,6,2.87
947,7,3.17
947,8,4.09
947,9,4.75
947,10,5.12
947,11,6.08
947,12,6.54
948,1,0.2
948,2,0.6
948,3,1.34
948,4,1.95
948,5,2.64
948,6,3.15
948,7,3.42
948,8,4.28
948,9,4.39
948,10,4.94
948,11,5.11
948,12,5.26
949,1,0.84
949,2,1.02
949,3,1.35
949,4,2.03
949,5,2.55
949,6,3.29
949,7,3.81
949,8,4.24
949,9,5.03
949,10,5.66
949,11,6.1
949,12,7.08
950,1,0.35
950,2,0.63
950,3,1.18
950,4,1.68
950,5,1.95
950,6,2.09
950,7,2.58
950,8,3.23
950,9,3.59
950,10,4.04
950,11,5.0
950,12,5.18
951,1,0.51
951,2,1.01
951,3,1.68
951,4,1.99
951,5,2.6
951,6,2.92
951,7,3.26
951,8,3.63
951,9,3.87
951,10,4.66
951,11,5.09
951,12,5.9
952,1,0.6
952,2,1.18
952,3,1.43
952,4,2.19
952,5,2.34
952,6,2.97
952,7,3.67
952,8,4.06
952,9,4.95
952,10,5.11
952,11,5.21
952,12,5.85
953,1,0.5
953,2,1.32
953,3,1.72
953,4,2.64
953,5,3.09
953,6,3.95
953,7,4.1
953,8,4.45
953,9,4.86
953,10,5.44
953,11,5.57
953,12,6.52
954,1,0.97
954,2,1.76
954,3,2.31
954,4,3.28
954,5,3.78
954,6,4.04
954,7,4.23
954,8,5.2
954,9,5.4
954,10,5.67
954,11,6.14
954,12,6.27
955,1,0.11
955,2,0.38
955,3,0.57
955,4,0.84
955,5,1.59
955,6,2.28
955,7,2.5
955,8,3.29
955,9,4.25
955,10,4.36
955,11,5.17
955,12,5.56
956,1,0.88
956,2,1.43
956,3,1.88
956,4,2.67
956,5,3.61
956,6,4.41
956,7,4.58
956,8,5.52
956,9,5.74
956,10,6.32
956,11,7.13
956,12,7.94
957,1,0.33
957,2,0.81
957,3,1.25
957,4,1.37
957,5,1.79
957,6,2.39
957,7,2.71
957,8,3.39
957,9,3.54
957,10,4.12
957,11,4.72
957,12,5.24
958,1,0.72
958,2,1.6
958,3,2.0
958,4,2.56
958,5,2.86
958,6,3.24
958,7,3.45
958,8,3.79
958,9,4.42
958,10,4.59
958,11,5.48
958,12,6.07
959,1,0.3
959,2,0.88
959,3,1.49
959,4,1.74
959,5,2.3
959,6,2.94
959,7,3.53
959,8,3.95
959,9,4.5
959,10,5.23
959,11,5.83
959,12,6.7
960,1,0.5
960,2,0.77
960,3,1.47
960,4,2.21
960,5,2.85
960,6,3.28
960,7,3.84
960,8,3.97
960,9,4.89
960,10,5.27
960,11,5.97
960,12,6.65
961,1,0.46
961,2,0.86
961,3,1.06
961,4,1.49
961,5,2.38
961,6,3.34
961,7,4.0
961,8,4.37
961,9,4.89
961,10,5.85
961,11,6.28
961,12,6.62
962,1,0.86
962,2,1.73
962,3,1.84
962,4,1.99
962,5,2.9
962,6,3.57
962,7,4.11
962,8,4.91
962,9,5.13
962,10,5.88
962,11,6.31
962,12,6.68
963,1,0.75
963,2,0.98
963,3,1.8
963,4,1.94
963,5,2.5
963,6,2.89
963,7,3.72
963,8,4.1
963,9,4.62
963,10,5.2
963,11,5.32
963,12,5.88
964,1,0.4
964,2,0.83
964,3,1.08
964,4,2.03
964,5,2.35
964,6,3.25
964,7,4.15
964,8,4.41
964,9,4.86
964,10,5.68
964,11,6.16
964,12,6.87
965,1,0.13
965,2,0.35
965,3,1.33
965,4,2.24
965,5,2.41
965,6,3.1
965,7,3.84
965,8,4.48
965,9,5.34
965,10,6.29
965,11,6.47
965,12,7.41
966,1,0.57
966,2,1.5
966,3,2.13
966,4,2.52
966,5,3.0
966,6,3.15
966,7,3.58
966,8,4.18
966,9,4.49
966,10,4.74
966,11,4.96
966,12,5.23
967,1,0.53
967,2,1.44
967,3,1.89
967,4,2.28
967,5,2.6
967,6,3.54
967,7,3.68
967,8,4.44
967,9,5.41
967,10,5.92
967,11,6.12
967,12,6.3
968,1,0.25
968,2,1.09
968,3,1.31
968,4,1.82
968,5,2.07
968,6,2.51
968,7,3.45
968,8,3.98
968,9,4.66
968,10,5.31
968,11,5.95
968,12,6.8
969,1,0.97
969,2,1.57
969,3,2.25
969,4,2.56
969,5,3.53
969,6,4.42
969,7,4.53
969,8,5.26
969,9,5.83
969,10,6.14
969,11,6.49
969,12,7.1
970,1,0.32
970,2,0.54
970,3,1.32
970,4,2.19
970,5,2.41
970,6,2.64
970,7,3.38
970,8,4.34
970,9,5.09
970,10,6.05
970,11,7.0
970,12,7.82
971,1,0.62
971,2,1.48
971,3,1.97
971,4,2.18
971,5,2.62
971,6,2.9
971,7,3.43
971,8,4.08
971,9,4.26
971,10,4.48
971,11,5.35
971,12,5.47
972,1,0.26
972,2,0.55
972,3,1.07
972,4,1.72
972,5,2.54
972,6,3.24
972,7,4.1
972,8,4.21
972,9,5.02
972,10,5.98
972,11,6.77
972,12,7.04
973,1,0.35
973,2,0.85
973,3,1.16
973,4,2.02
973,5,2.46
973,6,2.7
973,7,3.31
973,8,3.59
973,9,3.77
973,10,4.38
973,11,4.78
973,12,5.43
974,1,0.68
974,2,1.57
974,3,2.49
974,4,2.89
974,5,3.06
974,6,3.85
974,7,4.72
974,8,4.95
974,9,5.73
974,10,6.43
974,11,7.02
974,12,7.5
975,1,0.4
975,2,1.35
975,3,2.12
975,4,2.56
975,5,3.28
975,6,3.57
975,7,3.79
975,8,4.49
975,9,4.78
975,10,5.59
975,11,6.31
975,12,7.25
976,1,0.61
976,2,1.48
976,3,1.67
976,4,2.04
976,5,2.48
976,6,2.84
976,7,3.13
976,8,3.24
976,9,3.41
976,10,4.1
976,11,4.4
976,12,5.01
977,1,0.39
977,2,0.69
977,3,1.64
977,4,1.9
977,5,2.12
977,6,2.8
977,7,3.22
977,8,4.04
977,9,4.15
977,10,4.4
977,11,4.96
977,12,5.5
978,1,0.67
978,2,1.24
978,3,1.53
978,4,1.97
978,5,2.36
978,6,3.22
978,7,3.37
978,8,4.24
978,9,4.93
978,10,5.7
978,11,6.14
978,12,7.05
979,1,0.92
979,2,1.53
979,3,1.68
979,4,2.55
979,5,2.83
979,6,3.29
979,7,4.03
979,8,4.46
979,9,5.26
979,10,5.7
979,11,6.15
979,12,6.37
980,1,0.69
980,2,1.22
980,3,1.59
980,4,1.81
980,5,2.27
980,6,2.53
980,7,2.89
980,8,3.02
980,9,3.5
980,10,4.08
980,11,4.81
980,12,5.34
981,1,0.52
981,2,1.39
981,3,2.3
981,4,2.96
981,5,3.54
981,6,3.98
981,7,4.6
981,8,5.12
981,9,5.27
981,10,5.76
981,11,6.58
981,12,6.94
982,1,0.97
982,2,1.16
982,3,2.05
982,4,2.16
982,5,2.93
982,6,3.56
982,7,4.44
982,8,4.63
982,9,5.54
982,10,6.17
982,11,6.38
982,12,7.25
983,1,0.79
983,2,1.52
983,3,2.12
983,4,2.9
983,5,3.65
983,6,3.96
983,7,4.69
983,8,4.9
983,9,5.56
983,10,5.68
983,11,6.14
983,12,6.68
984,1,0.94
984,2,1.24
984,3,1.65
984,4,2.48
984,5,2.92
984,6,3.3
984,7,3.74
984,8,4.61
984,9,5.25
984,10,6.18
984,11,6.94
984,12,7.66
985,1,0.92
985,2,1.34
985,3,2.01
985,4,2.93
985,5,3.73
985,6,4.17
985,7,4.28
985,8,4.39
985,9,4.72
985,10,5.2
985,11,5.86
985,12,5.97
986,1,0.74
986,2,0.94
986,3,1.86
986,4,2.04
986,5,2.64
986,6,3.28
986,7,3.38
986,8,4.03
986,9,4.83
986,10,5.58
986,11,5.83
986,12,6.16
987,1,0.47
987,2,0.96
987,3,1.42
987,4,1.92
987,5,2.72
987,6,3.57
987,7,3.98
987,8,4.29
987,9,5.06
987,10,5.8
987,11,6.67
987,12,7.5
988,1,0.17
988,2,1.0
988,3,1.74
988,4,2.05
988,5,2.58
988,6,2.84
988,7,3.64
988,8,4.61
988,9,4.84
988,10,5.22
988,11,5.84
988,12,6.48
989,1,0.61
989,2,0.98
989,3,1.86
989,4,2.39
989,5,2.76
989,6,3.73
989,7,3.91
989,8,4.47
989,9,4.94
989,10,5.77
989,11,6.2
989,12,7.1
990,1,0.19
990,2,0.64
990,3,1.44
990,4,1.7
990,5,2.29
990,6,2.87
990,7,3.49
990,8,3.81
990,9,4.38
990,10,4.98
990,11,5.57
990,12,6.51
991,1,0.36
991,2,1.07
991,3,1.97
991,4,2.18
991,5,2.95
991,6,3.66
991,7,4.07
991,8,4.62
991,9,4.84
991,10,5.74
991,11,5.84
991,12,6.54
992,1,0.24
992,2,0.53
992,3,0.9
992,4,1.87
992,5,2.73
992,6,2.86
992,7,3.81
992,8,4.21
992,9,4.35
992,10,5.02
992,11,5.8
992,12,6.4
993,1,0.71
993,2,1.26
993,3,1.38
993,4,1.62
993,5,2.08
993,6,2.79
993,7,2.93
993,8,3.45
993,9,3.7
993,10,4.07
993,11,4.4
993,12,4.93
994,1,0.1
994,2,0.71
994,3,1.2
994,4,1.88
994,5,2.63
994,6,3.3
994,7,4.06
994,8,4.22
994,9,4.38
994,10,4.58
994,11,4.81
994,12,5.01
995,1,0.91
995,2,1.48
995,3,2.21
995,4,2.78
995,5,3.33
995,6,4.06
995,7,4.24
995,8,4.9
995,9,5.34
995,10,6.26
995,11,6.9
995,12,7.42
996,1,0.76
996,2,0.98
996,3,1.85
996,4,2.72
996,5,3.57
996,6,4.48
996,7,5.04
996,8,5.85
996,9,6.2
996,10,7.15
996,11,7.6
996,12,7.78
997,1,0.6
997,2,1.36
997,3,1.74
997,4,2.36
997,5,2.78
997,6,3.53
997,7,4.35
997,8,5.04
997,9,5.86
997,10,6.35
997,11,6.45
997,12,7.09
998,1,0.32
998,2,1.04
998,3,1.71
998,4,1.87
998,5,2.78
998,6,3.22
998,7,3.42
998,8,3.82
998,9,3.98
998,10,4.66
998,11,5.55
998,12,6.41
999,1,0.87
999,2,1.16
999,3,2.06
999,4,2.36
999,5,2.54
999,6,3.24
999,7,3.44
999,8,3.87
999,9,4.38
999,10,4.51
999,11,5.34
999,12,5.52
1000,1,0.41
1000,2,1.25
1000,3,1.35
1000,4,1.5
1000,5,2.03
1000,6,2.5
1000,7,3.01
1000,8,3.44
1000,9,4.14
1000,10,4.55
1000,11,5.02
1000,12,5.94
